,id,id_download_nonleak,sentinel_img_date_nonleak,landsat_img_date_nonleak,date_diff_img_nonleak,date_diff_leak_nonleak,sentinel_cloud_nonleak,landsat_cloud_nonleak,rmse_nonleak
0,21129.0,21129.0,2020-02-04,2020-02-06,2 days,28 days,70.303065,0.16,262.0703461137114
1,20960.0,20960.0,2020-02-04,2020-02-06,2 days,22 days,70.303065,0.16,201.75114853034592
2,21270.0,21270.0,2020-02-04,2020-02-06,2 days,20 days,70.303065,0.16,312.1681323961243
3,20574.0,20574.0,2020-02-04,2020-02-06,2 days,29 days,70.303065,0.16,251.31099960797502
4,20723.0,20723.0,2020-02-04,2020-02-06,2 days,18 days,70.303065,0.16,269.2655818882932
5,21258.0,21258.0,2020-02-04,2020-02-06,2 days,19 days,70.303065,0.16,207.51654168100816
6,20828.0,20828.0,2020-02-04,2020-02-06,2 days,18 days,70.303065,0.16,415.53861034637663
7,21174.0,21174.0,2020-02-04,2020-02-06,2 days,15 days,70.303065,0.16,252.43140605395413
8,21213.0,21213.0,2020-02-04,2020-02-06,2 days,15 days,70.303065,0.16,193.18826183397084
9,20654.0,20654.0,2020-02-04,2020-02-06,2 days,14 days,70.303065,0.16,262.6165392981484
10,21728.0,21728.0,2020-02-04,2020-02-06,2 days,14 days,70.303065,0.16,205.56336209156365
11,21519.0,21519.0,2020-02-04,2020-02-06,2 days,11 days,70.303065,0.16,267.5675489176081
12,20445.0,20445.0,2020-02-27,2020-03-02,4 days,30 days,0.070912,0.02,336.0422476288076
13,21442.0,21442.0,2020-02-27,2020-03-02,4 days,30 days,0.070912,0.02,421.13676470380534
14,21551.0,21551.0,2020-02-27,2020-03-02,4 days,29 days,0.070912,0.02,320.0661646061748
15,21723.0,21723.0,2020-02-27,2020-03-02,4 days,28 days,0.070912,0.02,287.1851381012524
16,21918.0,21918.0,2020-02-27,2020-03-02,4 days,23 days,0.070912,0.02,234.54976523087723
17,21968.0,21968.0,2020-02-27,2020-03-02,4 days,21 days,0.070912,0.02,375.393089671396
18,21960.0,21960.0,2020-02-27,2020-03-02,4 days,27 days,0.070912,0.02,234.54976523087723
19,21480.0,21480.0,2020-02-27,2020-03-02,4 days,23 days,0.070912,0.02,269.9092632308014
20,21479.0,21479.0,2020-02-27,2020-03-02,4 days,23 days,0.070912,0.02,405.0606277835419
21,21535.0,21535.0,2020-02-27,2020-03-02,4 days,22 days,0.070912,0.02,253.90072823156396
22,22054.0,22054.0,2020-03-20,2020-03-25,5 days,29 days,0.13251,0.0,362.1021746208324
23,22165.0,22165.0,2020-03-20,2020-03-25,5 days,27 days,0.13251,0.0,303.3322095005343
24,22276.0,22276.0,2020-03-20,2020-03-25,5 days,21 days,0.13251,0.0,384.8655317398971
25,22045.0,22045.0,2020-02-27,2020-03-02,4 days,8 days,0.070912,0.02,249.58267360277551
26,22535.0,22535.0,2020-03-30,2020-04-03,4 days,25 days,0.153007,0.0,239.61149654005177
27,22402.0,22402.0,2020-03-30,2020-04-03,4 days,23 days,0.153007,0.0,233.92004739478864
28,22242.0,22242.0,2020-03-20,2020-03-25,5 days,21 days,0.13251,0.0,325.01588495235814
29,22377.0,22377.0,2020-03-30,2020-04-03,4 days,26 days,0.153007,0.0,220.79757691678782
30,22586.0,22586.0,2020-03-30,2020-04-03,4 days,12 days,0.153007,0.0,232.91151244385807
31,22540.0,22540.0,2020-03-30,2020-04-03,4 days,23 days,0.153007,0.0,289.67368729224404
32,22656.0,22656.0,2020-03-30,2020-04-03,4 days,12 days,0.153007,0.0,298.11012477888914
33,22779.0,22779.0,2020-03-30,2020-04-03,4 days,11 days,0.153007,0.0,188.36436912741627
34,22565.0,22565.0,2020-04-14,2020-04-19,5 days,19 days,0.138309,0.0,491.9885071155577
35,22778.0,22778.0,2020-03-30,2020-04-03,4 days,7 days,0.153007,0.0,574.4181613515098
36,22625.0,22625.0,2020-03-30,2020-04-03,4 days,7 days,0.153007,0.0,340.9739136003377
37,22637.0,22637.0,2020-03-30,2020-04-03,4 days,6 days,0.153007,0.0,244.43889458291352
38,22431.0,22431.0,2020-04-14,2020-04-19,5 days,18 days,0.138309,0.0,510.47473688773863
39,22612.0,22612.0,2020-04-14,2020-04-19,5 days,13 days,0.138309,0.0,219.34099323756018
40,22443.0,22443.0,2020-04-14,2020-04-19,5 days,13 days,0.138309,0.0,202.70957122324887
41,22748.0,22748.0,2020-03-30,2020-04-03,4 days,6 days,0.153007,0.0,320.5623801108606
42,22842.0,22842.0,2020-04-14,2020-04-19,5 days,13 days,0.138309,0.0,200.91903096879994
43,22859.0,22859.0,2020-04-14,2020-04-19,5 days,13 days,0.138309,0.0,201.1520251681905
44,22950.0,22950.0,2020-04-14,2020-04-19,5 days,11 days,0.138309,0.0,258.3815922108565
45,22995.0,22995.0,2020-04-14,2020-04-19,5 days,11 days,0.138309,0.0,263.87172261031446
46,22890.0,22890.0,2020-04-14,2020-04-19,5 days,11 days,0.138309,0.0,364.129442559006
47,22891.0,22891.0,2020-04-14,2020-04-19,5 days,11 days,0.138309,0.0,344.85585112713795
48,22889.0,22889.0,2020-04-14,2020-04-19,5 days,11 days,0.138309,0.0,234.26170553016885
49,22695.0,22695.0,2020-04-14,2020-04-19,5 days,12 days,0.138309,0.0,321.2813660879206
50,22619.0,22619.0,2020-04-14,2020-04-19,5 days,11 days,0.138309,0.0,331.6092364855263
51,23104.0,23104.0,2020-04-14,2020-04-19,5 days,8 days,0.138309,0.0,269.26511798618634
52,22830.0,22830.0,2020-04-14,2020-04-19,5 days,7 days,0.138309,0.0,595.1885449621159
53,23033.0,23033.0,2020-05-07,2020-05-12,5 days,23 days,1.951279,0.03,613.0851425675966
54,23067.0,23067.0,2020-05-07,2020-05-12,5 days,23 days,1.951279,0.03,556.3945973932792
55,23071.0,23071.0,2020-05-07,2020-05-12,5 days,21 days,1.951279,0.03,556.3945973932792
56,23007.0,23007.0,2020-05-07,2020-05-12,5 days,22 days,1.951279,0.03,391.0324755304607
57,23116.0,23116.0,2020-05-07,2020-05-12,5 days,17 days,1.951279,0.03,275.98764480496635
58,23177.0,23177.0,2020-05-07,2020-05-12,5 days,17 days,1.951279,0.03,556.2542435130471
59,23234.0,23234.0,2020-05-07,2020-05-12,5 days,15 days,1.951279,0.03,626.8093167249798
60,23297.0,23297.0,2020-05-07,2020-05-12,5 days,13 days,1.951279,0.03,383.3144626756648
61,23350.0,23350.0,2020-05-07,2020-05-12,5 days,12 days,1.951279,0.03,378.92155155481663
62,23229.0,23229.0,2020-05-07,2020-05-12,5 days,12 days,1.951279,0.03,450.09631140057957
63,23425.0,23425.0,2020-05-07,2020-05-12,5 days,8 days,1.951279,0.03,403.6194361665391
64,23405.0,23405.0,2020-05-07,2020-05-12,5 days,8 days,1.951279,0.03,505.2259583777052
65,23401.0,23401.0,2020-05-07,2020-05-12,5 days,7 days,1.951279,0.03,507.6914400017639
66,23412.0,23412.0,2020-05-07,2020-05-12,5 days,5 days,1.951279,0.03,399.19717182984664
67,23140.0,23140.0,2020-05-07,2020-05-12,5 days,5 days,1.951279,0.03,433.5124205194633
68,23575.0,23575.0,2020-05-19,2020-05-21,2 days,14 days,0.075111,0.21,377.1759767690687
69,23449.0,23449.0,2020-05-19,2020-05-21,2 days,13 days,0.075111,0.21,550.1706693801884
70,23624.0,23624.0,2020-05-19,2020-05-21,2 days,12 days,0.075111,0.21,535.0387668991245
71,23450.0,23450.0,2020-05-19,2020-05-21,2 days,13 days,0.075111,0.21,394.28360520716257
72,23625.0,23625.0,2020-05-19,2020-05-21,2 days,12 days,0.075111,0.21,423.501713688263
73,23320.0,23320.0,2020-05-19,2020-05-21,2 days,10 days,0.075111,0.21,368.93653184985834
74,23482.0,23482.0,2020-05-19,2020-05-21,2 days,11 days,0.075111,0.21,535.0387668991245
75,23515.0,23515.0,2020-05-19,2020-05-21,2 days,8 days,0.075111,0.21,359.46901893996943
76,23623.0,23623.0,2020-06-08,2020-06-13,5 days,9 days,0.890215,0.32,640.1456553349384
77,23517.0,23517.0,2020-05-19,2020-05-21,2 days,8 days,0.075111,0.21,221.79176050024714
78,23540.0,23540.0,2020-06-08,2020-06-13,5 days,27 days,0.890215,0.32,392.1472210162176
79,23236.0,23236.0,2020-06-08,2020-06-13,5 days,27 days,0.890215,0.32,195.0842567398931
80,23543.0,23543.0,2020-06-08,2020-06-13,5 days,26 days,0.890215,0.32,347.31206895699256
81,23559.0,23559.0,2020-06-08,2020-06-13,5 days,26 days,0.890215,0.32,453.4301561411956
82,23605.0,23605.0,2020-06-08,2020-06-13,5 days,24 days,0.890215,0.32,283.28779428494033
83,23555.0,23555.0,2020-06-08,2020-06-13,5 days,24 days,0.890215,0.32,290.9798617414939
84,23246.0,23246.0,2020-06-08,2020-06-13,5 days,24 days,0.890215,0.32,321.218473618459
85,23599.0,23599.0,2020-06-08,2020-06-13,5 days,24 days,0.890215,0.32,278.58773727951325
86,23604.0,23604.0,2020-06-08,2020-06-13,5 days,24 days,0.890215,0.32,191.56697918362678
87,23639.0,23639.0,2020-06-08,2020-06-13,5 days,21 days,0.890215,0.32,314.44225884794196
88,23565.0,23565.0,2020-06-08,2020-06-13,5 days,20 days,0.890215,0.32,225.1784990167072
89,23659.0,23659.0,2020-06-08,2020-06-13,5 days,20 days,0.890215,0.32,316.0547538946625
90,23828.0,23828.0,2020-06-08,2020-06-13,5 days,19 days,0.890215,0.32,302.69978064949765
91,23249.0,23249.0,2020-06-08,2020-06-13,5 days,19 days,0.890215,0.32,545.3609493125482
92,23245.0,23245.0,2020-06-08,2020-06-13,5 days,18 days,0.890215,0.32,486.07726304316293
93,23657.0,23657.0,2020-06-08,2020-06-13,5 days,18 days,0.890215,0.32,293.05584468294023
94,23247.0,23247.0,2020-06-08,2020-06-13,5 days,18 days,0.890215,0.32,322.1266234656588
95,23717.0,23717.0,2020-06-08,2020-06-13,5 days,18 days,0.890215,0.32,299.1542432117866
96,23814.0,23814.0,2020-06-08,2020-06-13,5 days,18 days,0.890215,0.32,254.38650844391591
97,23669.0,23669.0,2020-06-08,2020-06-13,5 days,16 days,0.890215,0.32,374.2855881364684
98,23822.0,23822.0,2020-06-08,2020-06-13,5 days,16 days,0.890215,0.32,527.2859181062283
99,23815.0,23815.0,2020-06-08,2020-06-13,5 days,14 days,0.890215,0.32,355.42077984721243
100,23699.0,23699.0,2020-06-08,2020-06-13,5 days,12 days,0.890215,0.32,327.60080850093203
101,23741.0,23741.0,2020-06-08,2020-06-13,5 days,10 days,0.890215,0.32,307.074755462657
102,23793.0,23793.0,2020-06-08,2020-06-13,5 days,10 days,0.890215,0.32,290.5911214227116
103,23796.0,23796.0,2020-06-08,2020-06-13,5 days,10 days,0.890215,0.32,287.27432273425035
104,23738.0,23738.0,2020-06-08,2020-06-13,5 days,10 days,0.890215,0.32,291.40289043668747
105,23740.0,23740.0,2020-06-08,2020-06-13,5 days,10 days,0.890215,0.32,274.7770115502982
106,23754.0,23754.0,2020-06-08,2020-06-13,5 days,5 days,0.890215,0.32,395.7024454770542
107,23808.0,23808.0,2020-06-08,2020-06-13,5 days,6 days,0.890215,0.32,397.8277248110027
108,23250.0,23250.0,2020-07-03,2020-07-08,5 days,29 days,4.075399,17.94,351.61029663516507
109,24566.0,24566.0,2020-07-03,2020-07-08,5 days,28 days,4.075399,17.94,295.4414105618342
110,24934.0,24934.0,2020-07-03,2020-07-08,5 days,28 days,4.075399,17.94,295.4414105618342
111,24945.0,24945.0,2020-07-03,2020-07-08,5 days,27 days,4.075399,17.94,365.537816784799
112,24895.0,24895.0,2020-07-03,2020-07-08,5 days,24 days,4.075399,17.94,341.1803860619928
113,24898.0,24898.0,2020-07-03,2020-07-08,5 days,24 days,4.075399,17.94,365.84803410876054
114,24837.0,24837.0,2020-07-03,2020-07-08,5 days,23 days,4.075399,17.94,532.85402575186
115,24896.0,24896.0,2020-07-03,2020-07-08,5 days,24 days,4.075399,17.94,341.1803860619928
116,25000.0,25000.0,2020-07-13,2020-07-15,2 days,31 days,1.782066,9.51,248.2330897687453
117,24871.0,24871.0,2020-07-13,2020-07-15,2 days,30 days,1.782066,9.51,319.19719476510346
118,24830.0,24830.0,2020-07-13,2020-07-15,2 days,28 days,1.782066,9.51,378.39430391717235
119,25005.0,25005.0,2020-07-13,2020-07-15,2 days,28 days,1.782066,9.51,178.29142991349673
120,24891.0,24891.0,2020-07-13,2020-07-15,2 days,26 days,1.782066,9.51,387.1548364725587
121,24878.0,24878.0,2020-07-13,2020-07-15,2 days,26 days,1.782066,9.51,204.15193216440142
122,24824.0,24824.0,2020-07-13,2020-07-15,2 days,26 days,1.782066,9.51,240.34779492766057
123,23909.0,23909.0,2020-07-13,2020-07-15,2 days,25 days,1.782066,9.51,204.15193216440142
124,23884.0,23884.0,2020-07-13,2020-07-15,2 days,25 days,1.782066,9.51,199.46891522948565
125,24985.0,24985.0,2020-07-13,2020-07-15,2 days,24 days,1.782066,9.51,201.64592397586412
126,23885.0,23885.0,2020-07-13,2020-07-15,2 days,25 days,1.782066,9.51,202.8293331351928
127,24083.0,24083.0,2020-07-13,2020-07-15,2 days,24 days,1.782066,9.51,204.64369432140916
128,24980.0,24980.0,2020-07-13,2020-07-15,2 days,24 days,1.782066,9.51,353.76923904114943
129,23869.0,23869.0,2020-07-13,2020-07-15,2 days,23 days,1.782066,9.51,258.4418487999124
130,24074.0,24074.0,2020-07-13,2020-07-15,2 days,23 days,1.782066,9.51,361.2832601700418
131,24073.0,24073.0,2020-07-13,2020-07-15,2 days,23 days,1.782066,9.51,387.1548364725587
132,23846.0,23846.0,2020-07-13,2020-07-15,2 days,20 days,1.782066,9.51,255.62228041302808
133,24188.0,24188.0,2020-07-13,2020-07-15,2 days,20 days,1.782066,9.51,204.15193216440142
134,23964.0,23964.0,2020-07-13,2020-07-15,2 days,19 days,1.782066,9.51,207.82734962938295
135,23965.0,23965.0,2020-07-13,2020-07-15,2 days,19 days,1.782066,9.51,204.02953568761214
136,23878.0,23878.0,2020-07-13,2020-07-15,2 days,20 days,1.782066,9.51,186.7378978684126
137,23911.0,23911.0,2020-07-13,2020-07-15,2 days,18 days,1.782066,9.51,191.93275445252513
138,24125.0,24125.0,2020-07-13,2020-07-15,2 days,19 days,1.782066,9.51,282.0909992442286
139,24137.0,24137.0,2020-07-13,2020-07-15,2 days,19 days,1.782066,9.51,195.25563679950463
140,23982.0,23982.0,2020-07-13,2020-07-15,2 days,16 days,1.782066,9.51,252.39549734400015
141,24016.0,24016.0,2020-07-13,2020-07-15,2 days,17 days,1.782066,9.51,402.82104091347935
142,23882.0,23882.0,2020-07-13,2020-07-15,2 days,17 days,1.782066,9.51,261.2963029835175
143,24127.0,24127.0,2020-07-13,2020-07-15,2 days,18 days,1.782066,9.51,384.30213730829183
144,23966.0,23966.0,2020-07-13,2020-07-15,2 days,17 days,1.782066,9.51,385.52504517191437
145,24903.0,24903.0,2020-07-13,2020-07-15,2 days,18 days,1.782066,9.51,385.52504517191437
146,23950.0,23950.0,2020-07-13,2020-07-15,2 days,18 days,1.782066,9.51,261.2963029835175
147,23979.0,23979.0,2020-07-13,2020-07-15,2 days,17 days,1.782066,9.51,246.91233048709395
148,23901.0,23901.0,2020-07-13,2020-07-15,2 days,16 days,1.782066,9.51,246.91233048709395
149,24071.0,24071.0,2020-07-13,2020-07-15,2 days,17 days,1.782066,9.51,187.23403717153099
150,24022.0,24022.0,2020-07-13,2020-07-15,2 days,17 days,1.782066,9.51,186.2481404494086
151,23900.0,23900.0,2020-07-13,2020-07-15,2 days,16 days,1.782066,9.51,392.9629717345717
152,23907.0,23907.0,2020-07-13,2020-07-15,2 days,13 days,1.782066,9.51,289.69662156410055
153,24183.0,24183.0,2020-07-13,2020-07-15,2 days,14 days,1.782066,9.51,231.29124684325933
154,24059.0,24059.0,2020-07-13,2020-07-15,2 days,13 days,1.782066,9.51,284.0310813970081
155,23952.0,23952.0,2020-07-13,2020-07-15,2 days,13 days,1.782066,9.51,277.78671764112374
156,24176.0,24176.0,2020-07-13,2020-07-15,2 days,12 days,1.782066,9.51,216.06585058415038
157,24096.0,24096.0,2020-07-13,2020-07-15,2 days,13 days,1.782066,9.51,243.5770891496429
158,23989.0,23989.0,2020-07-13,2020-07-15,2 days,11 days,1.782066,9.51,378.06658884568554
159,24163.0,24163.0,2020-07-13,2020-07-15,2 days,11 days,1.782066,9.51,316.02951987358705
160,24010.0,24010.0,2020-07-13,2020-07-15,2 days,11 days,1.782066,9.51,315.3411938927974
161,24012.0,24012.0,2020-07-13,2020-07-15,2 days,11 days,1.782066,9.51,286.2254574566802
162,24107.0,24107.0,2020-07-21,2020-07-24,3 days,11 days,14.107642,21.4,277.65746782489634
163,24167.0,24167.0,2020-07-13,2020-07-15,2 days,10 days,1.782066,9.51,315.7879427779707
164,25320.0,25320.0,2020-07-21,2020-07-24,3 days,14 days,14.107642,21.4,1996.5486568148276
165,24172.0,24172.0,2020-07-21,2020-07-24,3 days,15 days,14.107642,21.4,2715.228523210377
166,25323.0,25323.0,2020-07-21,2020-07-24,3 days,14 days,14.107642,21.4,2072.674570017287
167,25322.0,25322.0,2020-07-21,2020-07-24,3 days,14 days,14.107642,21.4,1300.8674286180087
168,25199.0,25199.0,2020-07-21,2020-07-24,3 days,13 days,14.107642,21.4,325.6419864677075
169,25175.0,25175.0,2020-07-21,2020-07-24,3 days,13 days,14.107642,21.4,1329.3800853096793
170,25029.0,25029.0,2020-07-21,2020-07-24,3 days,14 days,14.107642,21.4,1266.204683953941
171,24131.0,24131.0,2020-07-21,2020-07-24,3 days,13 days,14.107642,21.4,814.9056540027522
172,25280.0,25280.0,2020-07-21,2020-07-24,3 days,11 days,14.107642,21.4,1634.2358340848018
173,25008.0,25008.0,2020-07-21,2020-07-24,3 days,12 days,14.107642,21.4,1480.7899579454104
174,25032.0,25032.0,2020-07-21,2020-07-24,3 days,11 days,14.107642,21.4,1743.3514823574435
175,25113.0,25113.0,2020-07-21,2020-07-24,3 days,12 days,14.107642,21.4,1599.032860892395
176,23914.0,23914.0,2020-07-21,2020-07-24,3 days,10 days,14.107642,21.4,1867.4245092288866
177,24597.0,24597.0,2020-07-21,2020-07-24,3 days,10 days,14.107642,21.4,864.6148124556283
178,25022.0,25022.0,2020-07-21,2020-07-24,3 days,11 days,14.107642,21.4,1752.1660724236588
179,25339.0,25339.0,2020-07-21,2020-07-24,3 days,10 days,14.107642,21.4,842.5341329691803
180,25227.0,25227.0,2020-07-21,2020-07-24,3 days,8 days,14.107642,21.4,868.571837938328
181,25076.0,25076.0,2020-08-15,2020-08-16,1 days,31 days,0.366072,46.55,961.0163814835795
182,25011.0,25011.0,2020-07-21,2020-07-24,3 days,7 days,14.107642,21.4,1506.0871816895271
183,25316.0,25316.0,2020-07-21,2020-07-24,3 days,7 days,14.107642,21.4,1456.140970214617
184,25162.0,25162.0,2020-08-15,2020-08-16,1 days,30 days,0.366072,46.55,476.37206422425885
185,25163.0,25163.0,2020-08-15,2020-08-16,1 days,30 days,0.366072,46.55,578.762838190001
186,25180.0,25180.0,2020-08-15,2020-08-16,1 days,30 days,0.366072,46.55,887.2825450201445
187,25298.0,25298.0,2020-08-15,2020-08-16,1 days,31 days,0.366072,46.55,1126.6637803923234
188,25075.0,25075.0,2020-08-15,2020-08-16,1 days,30 days,0.366072,46.55,470.0579755527568
189,25038.0,25038.0,2020-08-15,2020-08-16,1 days,29 days,0.366072,46.55,380.10813944128495
190,25102.0,25102.0,2020-08-15,2020-08-16,1 days,29 days,0.366072,46.55,1143.0182222517494
191,25036.0,25036.0,2020-08-15,2020-08-16,1 days,29 days,0.366072,46.55,284.08198509515483
192,25133.0,25133.0,2020-08-15,2020-08-16,1 days,30 days,0.366072,46.55,1725.3021766863637
193,25092.0,25092.0,2020-08-15,2020-08-16,1 days,29 days,0.366072,46.55,317.6380307738334
194,25037.0,25037.0,2020-08-15,2020-08-16,1 days,29 days,0.366072,46.55,381.5831687690893
195,24322.0,24322.0,2020-08-15,2020-08-16,1 days,25 days,0.366072,46.55,298.0726040258565
196,24324.0,24324.0,2020-08-15,2020-08-16,1 days,25 days,0.366072,46.55,243.88532595256135
197,25028.0,25028.0,2020-08-15,2020-08-16,1 days,24 days,0.366072,46.55,351.42809659780073
198,24207.0,24207.0,2020-08-15,2020-08-16,1 days,24 days,0.366072,46.55,395.1100669913085
199,25121.0,25121.0,2020-08-15,2020-08-16,1 days,24 days,0.366072,46.55,542.4263456368936
200,24342.0,24342.0,2020-08-15,2020-08-16,1 days,23 days,0.366072,46.55,463.2792808845197
201,24296.0,24296.0,2020-08-15,2020-08-16,1 days,22 days,0.366072,46.55,1140.3653933654318
202,25129.0,25129.0,2020-08-15,2020-08-16,1 days,22 days,0.366072,46.55,451.86164420698253
203,25130.0,25130.0,2020-08-15,2020-08-16,1 days,22 days,0.366072,46.55,780.3537421052026
204,24382.0,24382.0,2020-08-15,2020-08-16,1 days,22 days,0.366072,46.55,375.45362254731634
205,24212.0,24212.0,2020-08-15,2020-08-16,1 days,19 days,0.366072,46.55,383.15684457242986
206,24290.0,24290.0,2020-08-15,2020-08-16,1 days,18 days,0.366072,46.55,685.5106561630222
207,24304.0,24304.0,2020-08-15,2020-08-16,1 days,18 days,0.366072,46.55,350.36940921507374
208,24285.0,24285.0,2020-08-30,2020-09-01,2 days,31 days,8.657436,29.81,916.2107222108525
209,24234.0,24234.0,2020-08-30,2020-09-01,2 days,32 days,8.657436,29.81,275.10951984738756
210,24395.0,24395.0,2020-08-30,2020-09-01,2 days,31 days,8.657436,29.81,508.0067757122388
211,25021.0,25021.0,2020-08-30,2020-09-01,2 days,31 days,8.657436,29.81,1031.9662119643676
212,25299.0,25299.0,2020-08-30,2020-09-01,2 days,31 days,8.657436,29.81,496.17379517526285
213,24317.0,24317.0,2020-08-30,2020-09-01,2 days,27 days,8.657436,29.81,1316.9087898624584
214,24281.0,24281.0,2020-08-30,2020-09-01,2 days,26 days,8.657436,29.81,1402.753911883153
215,25421.0,25421.0,2020-08-30,2020-09-01,2 days,26 days,8.657436,29.81,1183.7304252042572
216,25467.0,25467.0,2020-08-30,2020-09-01,2 days,25 days,8.657436,29.81,1330.0183724658
217,25501.0,25501.0,2020-08-30,2020-09-01,2 days,25 days,8.657436,29.81,837.1156919490022
218,25608.0,25608.0,2020-08-30,2020-09-01,2 days,24 days,8.657436,29.81,1027.2882135748491
219,24595.0,24595.0,2020-08-30,2020-09-01,2 days,24 days,8.657436,29.81,1342.4136331050545
220,24402.0,24402.0,2020-08-30,2020-09-01,2 days,24 days,8.657436,29.81,1265.9306784316389
221,24238.0,24238.0,2020-08-30,2020-09-01,2 days,24 days,8.657436,29.81,1171.6425378598665
222,25462.0,25462.0,2020-08-30,2020-09-01,2 days,24 days,8.657436,29.81,1208.4553835209506
223,25440.0,25440.0,2020-08-30,2020-09-01,2 days,24 days,8.657436,29.81,1301.050799955344
224,25461.0,25461.0,2020-08-30,2020-09-01,2 days,23 days,8.657436,29.81,486.5667667816432
225,25460.0,25460.0,2020-08-30,2020-09-01,2 days,23 days,8.657436,29.81,746.7348654469595
226,25408.0,25408.0,2020-08-30,2020-09-01,2 days,22 days,8.657436,29.81,472.5550651547013
227,25585.0,25585.0,2020-08-30,2020-09-01,2 days,20 days,8.657436,29.81,1100.1726793460589
228,25455.0,25455.0,2020-08-30,2020-09-01,2 days,20 days,8.657436,29.81,567.5115071839407
229,25488.0,25488.0,2020-08-30,2020-09-01,2 days,19 days,8.657436,29.81,1217.0297894619277
230,25525.0,25525.0,2020-08-30,2020-09-01,2 days,19 days,8.657436,29.81,1210.7517346574034
231,25138.0,25138.0,2020-08-30,2020-09-01,2 days,19 days,8.657436,29.81,823.5356459434205
232,25531.0,25531.0,2020-08-30,2020-09-01,2 days,19 days,8.657436,29.81,1303.2382452578897
233,25344.0,25344.0,2020-08-30,2020-09-01,2 days,18 days,8.657436,29.81,1028.2338483516776
234,25429.0,25429.0,2020-08-30,2020-09-01,2 days,18 days,8.657436,29.81,316.1840802363167
235,25345.0,25345.0,2020-08-30,2020-09-01,2 days,17 days,8.657436,29.81,1112.6788475829733
236,25484.0,25484.0,2020-08-30,2020-09-01,2 days,17 days,8.657436,29.81,173.0872765534648
237,25367.0,25367.0,2020-08-30,2020-09-01,2 days,17 days,8.657436,29.81,1043.2569595272414
238,25459.0,25459.0,2020-08-30,2020-09-01,2 days,17 days,8.657436,29.81,1063.9175933153388
239,25458.0,25458.0,2020-08-30,2020-09-01,2 days,17 days,8.657436,29.81,281.2265142083357
240,25533.0,25533.0,2020-08-30,2020-09-01,2 days,17 days,8.657436,29.81,1434.43309662625
241,25640.0,25640.0,2020-08-30,2020-09-01,2 days,17 days,8.657436,29.81,708.0781859837524
242,25605.0,25605.0,2020-08-30,2020-09-01,2 days,16 days,8.657436,29.81,638.0378364996443
243,25498.0,25498.0,2020-08-30,2020-09-01,2 days,15 days,8.657436,29.81,685.5053411595114
244,25528.0,25528.0,2020-08-30,2020-09-01,2 days,16 days,8.657436,29.81,376.1385823886603
245,25692.0,25692.0,2020-08-30,2020-09-01,2 days,16 days,8.657436,29.81,711.1525291971038
246,25615.0,25615.0,2020-08-30,2020-09-01,2 days,12 days,8.657436,29.81,1314.5606189109603
247,25358.0,25358.0,2020-08-30,2020-09-01,2 days,13 days,8.657436,29.81,684.9886819671113
248,25697.0,25697.0,2020-08-30,2020-09-01,2 days,11 days,8.657436,29.81,621.2976570242936
249,25660.0,25660.0,2020-08-30,2020-09-01,2 days,12 days,8.657436,29.81,1384.2489780039723
250,25662.0,25662.0,2020-08-30,2020-09-01,2 days,12 days,8.657436,29.81,719.0558409399537
251,25680.0,25680.0,2020-08-30,2020-09-01,2 days,12 days,8.657436,29.81,1250.6982834441778
252,25683.0,25683.0,2020-08-30,2020-09-01,2 days,11 days,8.657436,29.81,732.0113659242256
253,25669.0,25669.0,2020-08-30,2020-09-01,2 days,11 days,8.657436,29.81,1245.415146614409
254,24613.0,24613.0,2020-08-30,2020-09-01,2 days,10 days,8.657436,29.81,1456.2845353962543
255,24618.0,24618.0,2020-08-30,2020-09-01,2 days,10 days,8.657436,29.81,722.6194199627427
256,24537.0,24537.0,2020-08-30,2020-09-01,2 days,10 days,8.657436,29.81,1414.5402232532745
257,25350.0,25350.0,2020-08-30,2020-09-01,2 days,10 days,8.657436,29.81,1459.0052539894295
258,25762.0,25762.0,2020-08-30,2020-09-01,2 days,9 days,8.657436,29.81,843.2929141722817
259,25705.0,25705.0,2020-08-30,2020-09-01,2 days,10 days,8.657436,29.81,576.9515181206966
260,25790.0,25790.0,2020-08-30,2020-09-01,2 days,9 days,8.657436,29.81,376.1385823886603
261,25348.0,25348.0,2020-08-30,2020-09-01,2 days,10 days,8.657436,29.81,1157.3908052020263
262,24772.0,24772.0,2020-08-30,2020-09-01,2 days,8 days,8.657436,29.81,371.2291491342573
263,24771.0,24771.0,2020-08-30,2020-09-01,2 days,8 days,8.657436,29.81,1036.1476880950515
264,24770.0,24770.0,2020-08-30,2020-09-01,2 days,8 days,8.657436,29.81,714.5184262281232
265,24773.0,24773.0,2020-08-30,2020-09-01,2 days,8 days,8.657436,29.81,586.604257550854
266,24721.0,24721.0,2020-09-24,2020-09-26,2 days,31 days,4.505315,1.74,553.263363323894
267,25841.0,25841.0,2020-09-24,2020-09-26,2 days,30 days,4.505315,1.74,1056.75736711673
268,24738.0,24738.0,2020-09-24,2020-09-26,2 days,27 days,4.505315,1.74,327.801933121187
269,25753.0,25753.0,2020-09-24,2020-09-26,2 days,29 days,4.505315,1.74,894.5423779951358
270,25594.0,25594.0,2020-09-24,2020-09-26,2 days,30 days,4.505315,1.74,970.4586341881761
271,25540.0,25540.0,2020-09-24,2020-09-26,2 days,30 days,4.505315,1.74,507.9477031652049
272,25709.0,25709.0,2020-09-24,2020-09-26,2 days,29 days,4.505315,1.74,620.9096477634104
273,24538.0,24538.0,2020-09-24,2020-09-26,2 days,29 days,4.505315,1.74,1081.4995231155497
274,25688.0,25688.0,2020-09-24,2020-09-26,2 days,28 days,4.505315,1.74,1004.4358670966757
275,25793.0,25793.0,2020-09-24,2020-09-26,2 days,27 days,4.505315,1.74,691.1811307135202
276,24707.0,24707.0,2020-09-24,2020-09-26,2 days,27 days,4.505315,1.74,632.1851576882955
277,24429.0,24429.0,2020-10-01,2020-10-03,2 days,29 days,0.288377,0.02,214.8863801473392
278,24783.0,24783.0,2020-10-01,2020-10-03,2 days,30 days,0.288377,0.02,210.91157589445962
279,24624.0,24624.0,2020-10-01,2020-10-03,2 days,31 days,0.288377,0.02,319.2989194037537
280,24739.0,24739.0,2020-10-01,2020-10-03,2 days,31 days,0.288377,0.02,262.3470127317805
281,24775.0,24775.0,2020-10-01,2020-10-03,2 days,30 days,0.288377,0.02,299.18089236872953
282,25746.0,25746.0,2020-10-01,2020-10-03,2 days,29 days,0.288377,0.02,314.03661966059497
283,25879.0,25879.0,2020-10-01,2020-10-03,2 days,27 days,0.288377,0.02,249.34087949757378
284,25760.0,25760.0,2020-10-01,2020-10-03,2 days,29 days,0.288377,0.02,206.51545869220573
285,24736.0,24736.0,2020-10-01,2020-10-03,2 days,29 days,0.288377,0.02,278.0648455669117
286,24763.0,24763.0,2020-10-01,2020-10-03,2 days,29 days,0.288377,0.02,359.8981161568474
287,24623.0,24623.0,2020-10-01,2020-10-03,2 days,29 days,0.288377,0.02,277.9134095244912
288,24424.0,24424.0,2020-10-01,2020-10-03,2 days,28 days,0.288377,0.02,327.92586520817594
289,24443.0,24443.0,2020-10-01,2020-10-03,2 days,29 days,0.288377,0.02,268.0976582795999
290,25845.0,25845.0,2020-10-01,2020-10-03,2 days,27 days,0.288377,0.02,384.353805355309
291,24688.0,24688.0,2020-10-01,2020-10-03,2 days,28 days,0.288377,0.02,291.09101967217157
292,24674.0,24674.0,2020-10-01,2020-10-03,2 days,28 days,0.288377,0.02,225.4978495252035
293,24461.0,24461.0,2020-10-01,2020-10-03,2 days,28 days,0.288377,0.02,251.6393206262728
294,24702.0,24702.0,2020-10-01,2020-10-03,2 days,27 days,0.288377,0.02,328.55558780459484
295,24526.0,24526.0,2020-10-01,2020-10-03,2 days,27 days,0.288377,0.02,212.09896150842474
296,24663.0,24663.0,2020-10-01,2020-10-03,2 days,24 days,0.288377,0.02,335.7319621677348
297,25550.0,25550.0,2020-10-01,2020-10-03,2 days,24 days,0.288377,0.02,236.96386075326149
298,25847.0,25847.0,2020-10-01,2020-10-03,2 days,24 days,0.288377,0.02,335.49357699034164
299,25824.0,25824.0,2020-10-01,2020-10-03,2 days,23 days,0.288377,0.02,228.14483070078515
300,24713.0,24713.0,2020-10-01,2020-10-03,2 days,23 days,0.288377,0.02,248.08466399440965
301,24447.0,24447.0,2020-10-01,2020-10-03,2 days,22 days,0.288377,0.02,331.8150994415334
302,24553.0,24553.0,2020-10-01,2020-10-03,2 days,14 days,0.288377,0.02,217.09575862386336
303,24650.0,24650.0,2020-10-01,2020-10-03,2 days,20 days,0.288377,0.02,414.1439589338322
304,25553.0,25553.0,2020-10-01,2020-10-03,2 days,23 days,0.288377,0.02,366.72668823932975
305,24710.0,24710.0,2020-10-01,2020-10-03,2 days,22 days,0.288377,0.02,216.22447696620122
306,24735.0,24735.0,2020-10-01,2020-10-03,2 days,22 days,0.288377,0.02,303.6296076750603
307,25857.0,25857.0,2020-10-01,2020-10-03,2 days,19 days,0.288377,0.02,273.062446801173
308,25856.0,25856.0,2020-10-01,2020-10-03,2 days,19 days,0.288377,0.02,273.062446801173
309,25872.0,25872.0,2020-10-01,2020-10-03,2 days,22 days,0.288377,0.02,191.45683625481834
310,24648.0,24648.0,2020-10-01,2020-10-03,2 days,21 days,0.288377,0.02,158.84740133923862
311,24453.0,24453.0,2020-10-01,2020-10-03,2 days,20 days,0.288377,0.02,280.44750166035936
312,25855.0,25855.0,2020-10-01,2020-10-03,2 days,21 days,0.288377,0.02,356.41541385786104
313,25798.0,25798.0,2020-10-01,2020-10-03,2 days,21 days,0.288377,0.02,304.4177141019189
314,24462.0,24462.0,2020-10-01,2020-10-03,2 days,21 days,0.288377,0.02,327.60746879165595
315,24472.0,24472.0,2020-10-01,2020-10-03,2 days,19 days,0.288377,0.02,298.16444428682536
316,24470.0,24470.0,2020-10-01,2020-10-03,2 days,13 days,0.288377,0.02,272.09524193698957
317,24697.0,24697.0,2020-10-01,2020-10-03,2 days,16 days,0.288377,0.02,212.51027404727807
318,24476.0,24476.0,2020-10-01,2020-10-03,2 days,16 days,0.288377,0.02,238.91446367537264
319,25561.0,25561.0,2020-10-01,2020-10-03,2 days,13 days,0.288377,0.02,344.1214420278569
320,24701.0,24701.0,2020-10-01,2020-10-03,2 days,14 days,0.288377,0.02,338.04850238709355
321,24458.0,24458.0,2020-10-01,2020-10-03,2 days,13 days,0.288377,0.02,255.27670390764246
322,24551.0,24551.0,2020-10-01,2020-10-03,2 days,13 days,0.288377,0.02,269.47916447484715
323,24677.0,24677.0,2020-10-01,2020-10-03,2 days,13 days,0.288377,0.02,357.3757587658959
324,25944.0,25944.0,2020-10-01,2020-10-03,2 days,10 days,0.288377,0.02,355.85247605142604
325,26202.0,26202.0,2020-10-01,2020-10-03,2 days,10 days,0.288377,0.02,276.5887479995433
326,26063.0,26063.0,2020-10-01,2020-10-03,2 days,10 days,0.288377,0.02,225.94314001084592
327,26159.0,26159.0,2020-10-01,2020-10-03,2 days,9 days,0.288377,0.02,289.31772104088725
328,26009.0,26009.0,2020-10-09,2020-10-12,3 days,14 days,0.156927,0.2,253.79767007742487
329,26248.0,26248.0,2020-10-09,2020-10-12,3 days,15 days,0.156927,0.2,254.1161126169537
330,26038.0,26038.0,2020-10-09,2020-10-12,3 days,15 days,0.156927,0.2,268.45591089417184
331,25938.0,25938.0,2020-10-09,2020-10-12,3 days,13 days,0.156927,0.2,183.47246981292807
332,25955.0,25955.0,2020-10-09,2020-10-12,3 days,14 days,0.156927,0.2,374.46886480795223
333,26175.0,26175.0,2020-10-09,2020-10-12,3 days,14 days,0.156927,0.2,289.1658889013531
334,25911.0,25911.0,2020-10-09,2020-10-12,3 days,11 days,0.156927,0.2,208.4674382074562
335,26215.0,26215.0,2020-10-09,2020-10-12,3 days,11 days,0.156927,0.2,221.1091367210538
336,25989.0,25989.0,2020-10-09,2020-10-12,3 days,10 days,0.156927,0.2,174.7601115253138
337,26126.0,26126.0,2020-10-24,2020-10-28,4 days,19 days,0.095282,0.41,498.65999287584793
338,26113.0,26113.0,2020-10-09,2020-10-12,3 days,9 days,0.156927,0.2,227.60126565321377
339,24732.0,24732.0,2020-10-09,2020-10-12,3 days,10 days,0.156927,0.2,327.7369855997651
340,25569.0,25569.0,2020-10-09,2020-10-12,3 days,10 days,0.156927,0.2,310.93666280431
341,24759.0,24759.0,2020-10-09,2020-10-12,3 days,9 days,0.156927,0.2,215.16056972863777
342,26185.0,26185.0,2020-10-09,2020-10-12,3 days,9 days,0.156927,0.2,232.81416903200338
343,26232.0,26232.0,2020-10-09,2020-10-12,3 days,9 days,0.156927,0.2,277.34287828697853
344,24466.0,24466.0,2020-10-09,2020-10-12,3 days,9 days,0.156927,0.2,316.8302977295113
345,26256.0,26256.0,2020-10-09,2020-10-12,3 days,8 days,0.156927,0.2,170.48828192847992
346,26176.0,26176.0,2020-10-09,2020-10-12,3 days,8 days,0.156927,0.2,229.70733087539645
347,26238.0,26238.0,2020-10-09,2020-10-12,3 days,8 days,0.156927,0.2,302.3181438188176
348,25924.0,25924.0,2020-10-09,2020-10-12,3 days,8 days,0.156927,0.2,220.7827798421408
349,26076.0,26076.0,2020-10-09,2020-10-12,3 days,8 days,0.156927,0.2,193.4612288683443
350,26112.0,26112.0,2020-10-09,2020-10-12,3 days,7 days,0.156927,0.2,189.85372091602963
351,26081.0,26081.0,2020-10-24,2020-10-28,4 days,21 days,0.095282,0.41,323.7964684489724
352,26079.0,26079.0,2020-10-24,2020-10-28,4 days,21 days,0.095282,0.41,279.2926942420645
353,26205.0,26205.0,2020-10-09,2020-10-12,3 days,7 days,0.156927,0.2,199.1267765992062
354,25570.0,25570.0,2020-10-09,2020-10-12,3 days,7 days,0.156927,0.2,250.15983175609395
355,25897.0,25897.0,2020-10-09,2020-10-12,3 days,7 days,0.156927,0.2,240.070684664805
356,26162.0,26162.0,2020-10-24,2020-10-28,4 days,21 days,0.095282,0.41,306.1301261186255
357,26214.0,26214.0,2020-10-24,2020-10-28,4 days,19 days,0.095282,0.41,227.85375428887932
358,26099.0,26099.0,2020-10-24,2020-10-28,4 days,18 days,0.095282,0.41,251.24767296826133
359,26481.0,26481.0,2020-10-24,2020-10-28,4 days,18 days,0.095282,0.41,261.0102554918821
360,26055.0,26055.0,2020-10-24,2020-10-28,4 days,18 days,0.095282,0.41,204.44901691688074
361,26107.0,26107.0,2020-10-24,2020-10-28,4 days,18 days,0.095282,0.41,204.48711847915519
362,26262.0,26262.0,2020-10-24,2020-10-28,4 days,17 days,0.095282,0.41,159.6433430435343
363,26565.0,26565.0,2020-10-24,2020-10-28,4 days,16 days,0.095282,0.41,278.67993846129383
364,26360.0,26360.0,2020-10-24,2020-10-28,4 days,17 days,0.095282,0.41,315.8948238867283
365,26127.0,26127.0,2020-10-24,2020-10-28,4 days,17 days,0.095282,0.41,223.91990504388988
366,26054.0,26054.0,2020-10-24,2020-10-28,4 days,16 days,0.095282,0.41,375.7542498723625
367,26465.0,26465.0,2020-10-24,2020-10-28,4 days,15 days,0.095282,0.41,241.405371308224
368,26405.0,26405.0,2020-10-24,2020-10-28,4 days,15 days,0.095282,0.41,285.2606295523761
369,26624.0,26624.0,2020-10-24,2020-10-28,4 days,14 days,0.095282,0.41,218.12404097591966
370,26352.0,26352.0,2020-10-24,2020-10-28,4 days,15 days,0.095282,0.41,397.18828816308815
371,26594.0,26594.0,2020-10-24,2020-10-28,4 days,15 days,0.095282,0.41,210.71299512414896
372,26422.0,26422.0,2020-11-15,2020-11-20,5 days,23 days,0.174354,0.04,231.15950671164836
373,26560.0,26560.0,2020-10-24,2020-10-28,4 days,12 days,0.095282,0.41,240.99888332028118
374,26480.0,26480.0,2020-10-24,2020-10-28,4 days,11 days,0.095282,0.41,259.7393426945291
375,26449.0,26449.0,2020-10-24,2020-10-28,4 days,11 days,0.095282,0.41,284.33541432764275
376,26525.0,26525.0,2020-10-24,2020-10-28,4 days,10 days,0.095282,0.41,278.5372126756976
377,26263.0,26263.0,2020-10-24,2020-10-28,4 days,9 days,0.095282,0.41,148.24618818647218
378,26383.0,26383.0,2020-10-24,2020-10-28,4 days,10 days,0.095282,0.41,250.3174896472923
379,26328.0,26328.0,2020-10-24,2020-10-28,4 days,10 days,0.095282,0.41,446.5195535327994
380,26531.0,26531.0,2020-10-24,2020-10-28,4 days,8 days,0.095282,0.41,178.31781397307992
381,26526.0,26526.0,2020-10-24,2020-10-28,4 days,8 days,0.095282,0.41,238.64414809030592
382,26528.0,26528.0,2020-10-24,2020-10-28,4 days,8 days,0.095282,0.41,207.04522804451526
383,26342.0,26342.0,2020-10-24,2020-10-28,4 days,9 days,0.095282,0.41,360.46060608791464
384,26393.0,26393.0,2020-10-24,2020-10-28,4 days,9 days,0.095282,0.41,520.224035971637
385,26392.0,26392.0,2020-10-24,2020-10-28,4 days,9 days,0.095282,0.41,316.62428235262854
386,25982.0,25982.0,2020-10-24,2020-10-28,4 days,8 days,0.095282,0.41,341.0677506651872
387,26607.0,26607.0,2020-10-24,2020-10-28,4 days,8 days,0.095282,0.41,197.79496742846354
388,26365.0,26365.0,2020-11-15,2020-11-20,5 days,29 days,0.174354,0.04,171.90508551632132
389,26445.0,26445.0,2020-10-24,2020-10-28,4 days,8 days,0.095282,0.41,194.65214213726787
390,26527.0,26527.0,2020-10-24,2020-10-28,4 days,8 days,0.095282,0.41,190.26553214396748
391,26376.0,26376.0,2020-11-15,2020-11-20,5 days,29 days,0.174354,0.04,307.67499083531254
392,26790.0,26790.0,2020-11-15,2020-11-20,5 days,26 days,0.174354,0.04,164.2092779532968
393,26601.0,26601.0,2020-11-15,2020-11-20,5 days,26 days,0.174354,0.04,341.9414734990547
394,26793.0,26793.0,2020-11-15,2020-11-20,5 days,25 days,0.174354,0.04,344.9171196083086
395,26419.0,26419.0,2020-11-15,2020-11-20,5 days,26 days,0.174354,0.04,256.2579744553488
396,26669.0,26669.0,2020-11-15,2020-11-20,5 days,25 days,0.174354,0.04,422.1231683759538
397,26675.0,26675.0,2020-11-15,2020-11-20,5 days,25 days,0.174354,0.04,278.7784505221948
398,26867.0,26867.0,2020-11-15,2020-11-20,5 days,26 days,0.174354,0.04,350.3226346828686
399,26753.0,26753.0,2020-11-15,2020-11-20,5 days,26 days,0.174354,0.04,273.9643638471936
400,26958.0,26958.0,2020-11-15,2020-11-20,5 days,25 days,0.174354,0.04,341.58323774986496
401,26674.0,26674.0,2020-11-15,2020-11-20,5 days,25 days,0.174354,0.04,220.45342703820822
402,26756.0,26756.0,2020-11-15,2020-11-20,5 days,24 days,0.174354,0.04,422.1231683759538
403,26754.0,26754.0,2020-11-15,2020-11-20,5 days,24 days,0.174354,0.04,175.83927580421607
404,26791.0,26791.0,2020-11-15,2020-11-20,5 days,24 days,0.174354,0.04,221.5424146394966
405,26926.0,26926.0,2020-11-15,2020-11-20,5 days,24 days,0.174354,0.04,301.14206244418335
406,26927.0,26927.0,2020-11-15,2020-11-20,5 days,23 days,0.174354,0.04,271.94565123520533
407,26967.0,26967.0,2020-11-15,2020-11-20,5 days,23 days,0.174354,0.04,358.2623487524759
408,26950.0,26950.0,2020-11-15,2020-11-20,5 days,22 days,0.174354,0.04,417.3695808258602
409,26759.0,26759.0,2020-11-15,2020-11-20,5 days,19 days,0.174354,0.04,227.73329474462332
410,26666.0,26666.0,2020-11-15,2020-11-20,5 days,19 days,0.174354,0.04,520.3124383717109
411,26744.0,26744.0,2020-11-15,2020-11-20,5 days,17 days,0.174354,0.04,309.0541464168665
412,26681.0,26681.0,2020-11-15,2020-11-20,5 days,18 days,0.174354,0.04,326.75832313936655
413,26855.0,26855.0,2020-11-15,2020-11-20,5 days,17 days,0.174354,0.04,295.4866700684612
414,26735.0,26735.0,2020-11-15,2020-11-20,5 days,17 days,0.174354,0.04,511.00411461794243
415,26660.0,26660.0,2020-11-15,2020-11-20,5 days,16 days,0.174354,0.04,284.8818220921614
416,26810.0,26810.0,2020-11-15,2020-11-20,5 days,15 days,0.174354,0.04,121.93352873459122
417,26837.0,26837.0,2020-11-15,2020-11-20,5 days,16 days,0.174354,0.04,271.61759305998044
418,26748.0,26748.0,2020-11-15,2020-11-20,5 days,16 days,0.174354,0.04,238.84632373555826
419,26843.0,26843.0,2020-11-15,2020-11-20,5 days,12 days,0.174354,0.04,187.95727161319527
420,26943.0,26943.0,2020-12-20,2020-12-22,2 days,29 days,0.164598,33.2,266.8038192902367
421,27395.0,27395.0,2020-11-15,2020-11-20,5 days,11 days,0.174354,0.04,185.45173471808116
422,26936.0,26936.0,2020-11-15,2020-11-20,5 days,11 days,0.174354,0.04,417.3695808258602
423,27733.0,27733.0,2020-11-15,2020-11-20,5 days,11 days,0.174354,0.04,254.63431861146222
424,27670.0,27670.0,2020-11-15,2020-11-20,5 days,9 days,0.174354,0.04,254.63431861146222
425,27656.0,27656.0,2020-11-15,2020-11-20,5 days,8 days,0.174354,0.04,304.91146476365554
426,27278.0,27278.0,2020-11-25,2020-11-29,4 days,14 days,0.199062,0.94,183.06359739284105
427,27500.0,27500.0,2020-11-15,2020-11-20,5 days,6 days,0.174354,0.04,327.3186545245103
428,27489.0,27489.0,2020-11-15,2020-11-20,5 days,5 days,0.174354,0.04,217.79095442441886
429,27812.0,27812.0,2020-11-25,2020-11-29,4 days,14 days,0.199062,0.94,144.13642652655855
430,27811.0,27811.0,2020-11-25,2020-11-29,4 days,14 days,0.199062,0.94,287.30651687379134
431,27090.0,27090.0,2020-11-15,2020-11-20,5 days,5 days,0.174354,0.04,276.24985934994027
432,27810.0,27810.0,2020-11-25,2020-11-29,4 days,14 days,0.199062,0.94,204.40554806600883
433,27765.0,27765.0,2020-11-25,2020-11-29,4 days,14 days,0.199062,0.94,280.4188366932844
434,27016.0,27016.0,2020-11-25,2020-11-29,4 days,14 days,0.199062,0.94,211.54024400610868
435,27763.0,27763.0,2020-11-25,2020-11-29,4 days,14 days,0.199062,0.94,224.95089125945486
436,26975.0,26975.0,2020-11-25,2020-11-29,4 days,14 days,0.199062,0.94,207.31348623102585
437,27093.0,27093.0,2020-11-25,2020-11-29,4 days,14 days,0.199062,0.94,192.43590901802463
438,27314.0,27314.0,2020-11-25,2020-11-29,4 days,11 days,0.199062,0.94,295.7789042562601
439,27248.0,27248.0,2020-11-25,2020-11-29,4 days,8 days,0.199062,0.94,168.27888524870824
440,27232.0,27232.0,2020-11-25,2020-11-29,4 days,8 days,0.199062,0.94,340.65453688561115
441,27083.0,27083.0,2020-11-25,2020-11-29,4 days,6 days,0.199062,0.94,346.36232552142894
442,27082.0,27082.0,2020-11-25,2020-11-29,4 days,6 days,0.199062,0.94,370.0597242960917
443,27213.0,27213.0,2020-12-20,2020-12-22,2 days,29 days,0.164598,33.2,355.6813727679068
444,27806.0,27806.0,2020-12-20,2020-12-22,2 days,25 days,0.164598,33.2,331.2731689834884
445,27022.0,27022.0,2020-12-20,2020-12-22,2 days,24 days,0.164598,33.2,164.13215292109487
446,27790.0,27790.0,2020-12-20,2020-12-22,2 days,24 days,0.164598,33.2,166.98269004034404
447,27023.0,27023.0,2020-12-20,2020-12-22,2 days,24 days,0.164598,33.2,340.2441819955876
448,27021.0,27021.0,2020-12-20,2020-12-22,2 days,24 days,0.164598,33.2,255.58633677138255
449,27014.0,27014.0,2020-12-20,2020-12-22,2 days,24 days,0.164598,33.2,158.42521879118655
450,26977.0,26977.0,2020-12-20,2020-12-22,2 days,24 days,0.164598,33.2,193.88885840114813
451,27087.0,27087.0,2020-12-28,2020-12-31,3 days,26 days,0.039934,10.53,256.130322845357
452,27588.0,27588.0,2020-12-28,2020-12-31,3 days,27 days,0.039934,10.53,368.79950221384394
453,27135.0,27135.0,2020-12-28,2020-12-31,3 days,24 days,0.039934,10.53,276.18327839685554
454,27134.0,27134.0,2020-12-28,2020-12-31,3 days,24 days,0.039934,10.53,344.35318934501026
455,27129.0,27129.0,2020-12-28,2020-12-31,3 days,24 days,0.039934,10.53,376.1764655674808
456,27653.0,27653.0,2020-12-28,2020-12-31,3 days,23 days,0.039934,10.53,178.73691145472824
457,27651.0,27651.0,2020-12-28,2020-12-31,3 days,23 days,0.039934,10.53,186.84143518029728
458,27652.0,27652.0,2020-12-28,2020-12-31,3 days,23 days,0.039934,10.53,358.7191034715901
459,27502.0,27502.0,2020-12-28,2020-12-31,3 days,21 days,0.039934,10.53,198.89452754542805
460,27043.0,27043.0,2020-12-28,2020-12-31,3 days,21 days,0.039934,10.53,311.3284827929939
461,27197.0,27197.0,2020-12-28,2020-12-31,3 days,18 days,0.039934,10.53,248.5074283471578
462,27196.0,27196.0,2020-12-28,2020-12-31,3 days,18 days,0.039934,10.53,169.03585942691913
463,27195.0,27195.0,2020-12-28,2020-12-31,3 days,18 days,0.039934,10.53,203.3082270775831
464,27194.0,27194.0,2020-12-28,2020-12-31,3 days,18 days,0.039934,10.53,229.65140774291893
465,27754.0,27754.0,2020-12-28,2020-12-31,3 days,16 days,0.039934,10.53,244.10465127829087
466,27697.0,27697.0,2020-12-28,2020-12-31,3 days,14 days,0.039934,10.53,193.30952371152964
467,28178.0,28178.0,2020-12-28,2020-12-31,3 days,10 days,0.039934,10.53,215.85774703550965
468,28068.0,28068.0,2020-12-28,2020-12-31,3 days,9 days,0.039934,10.53,135.25857056392385
469,28207.0,28207.0,2021-01-22,2021-01-23,1 days,30 days,0.12025,14.41,387.1366889489862
470,28117.0,28117.0,2021-01-22,2021-01-23,1 days,27 days,0.12025,14.41,1891.0900371180921
471,28098.0,28098.0,2021-01-22,2021-01-23,1 days,25 days,0.12025,14.41,570.7428581488217
472,34883.0,34883.0,2021-01-29,2021-02-01,3 days,27 days,0.168836,3.24,229.40230634944436
473,34790.0,34790.0,2021-02-06,2021-02-08,2 days,31 days,0.057292,0.02,480.93412661989703
474,34881.0,34881.0,2021-01-29,2021-02-01,3 days,25 days,0.168836,3.24,236.73751328645028
475,35159.0,35159.0,2021-02-06,2021-02-08,2 days,24 days,0.057292,0.02,353.0507880430976
476,35099.0,35099.0,2021-02-06,2021-02-08,2 days,24 days,0.057292,0.02,315.0118963655689
477,35981.0,35981.0,2021-02-06,2021-02-08,2 days,22 days,0.057292,0.02,191.0862706208246
478,36163.0,36163.0,2021-02-06,2021-02-08,2 days,22 days,0.057292,0.02,319.9803419948737
479,35624.0,35624.0,2021-02-06,2021-02-08,2 days,22 days,0.057292,0.02,307.8608123438521
480,35959.0,35959.0,2021-02-06,2021-02-08,2 days,18 days,0.057292,0.02,260.68267244386595
481,35323.0,35323.0,2021-02-06,2021-02-08,2 days,19 days,0.057292,0.02,258.8191550038589
482,35667.0,35667.0,2021-02-06,2021-02-08,2 days,12 days,0.057292,0.02,283.0906384594796
483,35822.0,35822.0,2021-02-06,2021-02-08,2 days,12 days,0.057292,0.02,435.70334737714575
484,35799.0,35799.0,2021-02-06,2021-02-08,2 days,11 days,0.057292,0.02,247.1666376937872
485,35798.0,35798.0,2021-02-06,2021-02-08,2 days,11 days,0.057292,0.02,435.70334737714575
486,35520.0,35520.0,2021-02-06,2021-02-08,2 days,10 days,0.057292,0.02,289.46535173262004
487,35521.0,35521.0,2021-02-06,2021-02-08,2 days,10 days,0.057292,0.02,290.75321384005514
488,35682.0,35682.0,2021-02-06,2021-02-08,2 days,11 days,0.057292,0.02,458.3338845900309
489,36195.0,36195.0,2021-02-06,2021-02-08,2 days,9 days,0.057292,0.02,481.59479202142296
490,36081.0,36081.0,2021-02-06,2021-02-08,2 days,8 days,0.057292,0.02,283.16190423801925
491,35613.0,35613.0,2021-02-28,2021-03-05,5 days,29 days,0.297762,0.0,168.33087719213592
492,35614.0,35614.0,2021-02-28,2021-03-05,5 days,29 days,0.297762,0.0,354.50025837831805
493,35357.0,35357.0,2021-02-28,2021-03-05,5 days,26 days,0.297762,0.0,551.9789862169368
494,35856.0,35856.0,2021-02-28,2021-03-05,5 days,24 days,0.297762,0.0,220.99953078820528
495,35781.0,35781.0,2021-02-28,2021-03-05,5 days,23 days,0.297762,0.0,453.7872507067797
496,36171.0,36171.0,2021-02-28,2021-03-05,5 days,24 days,0.297762,0.0,378.1465927257315
497,35451.0,35451.0,2021-02-28,2021-03-05,5 days,24 days,0.297762,0.0,367.78908435308455
498,35245.0,35245.0,2021-02-28,2021-03-05,5 days,22 days,0.297762,0.0,548.6145547066607
499,35578.0,35578.0,2021-02-28,2021-03-05,5 days,20 days,0.297762,0.0,450.8313797685315
500,35542.0,35542.0,2021-02-28,2021-03-05,5 days,18 days,0.297762,0.0,364.01005034122153
501,36219.0,36219.0,2021-02-28,2021-03-05,5 days,18 days,0.297762,0.0,300.46588496659996
502,35476.0,35476.0,2021-02-28,2021-03-05,5 days,16 days,0.297762,0.0,232.17357507610532
503,35478.0,35478.0,2021-02-28,2021-03-05,5 days,16 days,0.297762,0.0,191.1720594547264
504,36252.0,36252.0,2021-02-28,2021-03-05,5 days,12 days,0.297762,0.0,176.0009412034716
505,36045.0,36045.0,2021-02-28,2021-03-05,5 days,12 days,0.297762,0.0,548.7106521501561
506,35793.0,35793.0,2021-02-28,2021-03-05,5 days,11 days,0.297762,0.0,377.498016335035
507,35794.0,35794.0,2021-02-28,2021-03-05,5 days,11 days,0.297762,0.0,378.4481347239977
508,36078.0,36078.0,2021-02-28,2021-03-05,5 days,10 days,0.297762,0.0,176.93474806459847
509,35917.0,35917.0,2021-02-28,2021-03-05,5 days,11 days,0.297762,0.0,267.10432177337674
510,35946.0,35946.0,2021-02-28,2021-03-05,5 days,11 days,0.297762,0.0,251.1037530030539
511,35905.0,35905.0,2021-02-28,2021-03-05,5 days,9 days,0.297762,0.0,524.9694689519123
512,36456.0,36456.0,2021-02-28,2021-03-05,5 days,9 days,0.297762,0.0,370.49422210274787
513,36421.0,36421.0,2021-03-08,2021-03-12,4 days,12 days,0.04962,0.0,589.3356740431117
514,36318.0,36318.0,2021-03-08,2021-03-12,4 days,10 days,0.04962,0.0,529.4132499872921
515,36168.0,36168.0,2021-03-08,2021-03-12,4 days,10 days,0.04962,0.0,356.1481437408986
516,36167.0,36167.0,2021-03-08,2021-03-12,4 days,10 days,0.04962,0.0,356.7638413567276
517,36238.0,36238.0,2021-03-08,2021-03-12,4 days,6 days,0.04962,0.0,260.01611039535976
518,36236.0,36236.0,2021-03-08,2021-03-12,4 days,6 days,0.04962,0.0,532.1209406735089
519,36099.0,36099.0,2021-03-08,2021-03-12,4 days,7 days,0.04962,0.0,356.4217278612078
520,36435.0,36435.0,2021-03-18,2021-03-21,3 days,14 days,0.013737,0.01,351.3198324157025
521,36275.0,36275.0,2021-03-18,2021-03-21,3 days,15 days,0.013737,0.01,356.4925351466227
522,36433.0,36433.0,2021-03-18,2021-03-21,3 days,15 days,0.013737,0.01,364.8914287177014
523,36182.0,36182.0,2021-03-18,2021-03-21,3 days,15 days,0.013737,0.01,197.0376030927719
524,36148.0,36148.0,2021-03-18,2021-03-21,3 days,14 days,0.013737,0.01,199.59074986849947
525,35589.0,35589.0,2021-03-18,2021-03-21,3 days,13 days,0.013737,0.01,294.75893881418006
526,35591.0,35591.0,2021-03-18,2021-03-21,3 days,13 days,0.013737,0.01,294.07249951747536
527,35978.0,35978.0,2021-03-18,2021-03-21,3 days,10 days,0.013737,0.01,470.5826422952028
528,36313.0,36313.0,2021-03-18,2021-03-21,3 days,10 days,0.013737,0.01,211.90525765417573
529,36321.0,36321.0,2021-03-18,2021-03-21,3 days,10 days,0.013737,0.01,244.80584599732543
530,36281.0,36281.0,2021-03-18,2021-03-21,3 days,9 days,0.013737,0.01,240.46946742241758
531,36484.0,36484.0,2021-04-12,2021-04-13,1 days,32 days,0.052136,0.0,376.198458895892
532,36485.0,36485.0,2021-04-12,2021-04-13,1 days,32 days,0.052136,0.0,400.7007478121182
533,36486.0,36486.0,2021-04-12,2021-04-13,1 days,32 days,0.052136,0.0,400.7007478121182
534,36617.0,36617.0,2021-04-12,2021-04-13,1 days,32 days,0.052136,0.0,387.15523626000873
535,36477.0,36477.0,2021-04-12,2021-04-13,1 days,32 days,0.052136,0.0,384.87986915176043
536,36478.0,36478.0,2021-04-12,2021-04-13,1 days,32 days,0.052136,0.0,511.2742723939472
537,36479.0,36479.0,2021-04-12,2021-04-13,1 days,32 days,0.052136,0.0,523.4708025776305
538,36480.0,36480.0,2021-04-12,2021-04-13,1 days,32 days,0.052136,0.0,514.4286092580822
539,36373.0,36373.0,2021-04-12,2021-04-13,1 days,32 days,0.052136,0.0,516.0085777168957
540,36547.0,36547.0,2021-04-12,2021-04-13,1 days,32 days,0.052136,0.0,396.3704197486985
541,36578.0,36578.0,2021-04-12,2021-04-13,1 days,30 days,0.052136,0.0,121.75832295447758
542,36516.0,36516.0,2021-04-12,2021-04-13,1 days,26 days,0.052136,0.0,682.5134882853447
543,36560.0,36560.0,2021-04-12,2021-04-13,1 days,27 days,0.052136,0.0,277.0281463599729
544,36604.0,36604.0,2021-04-12,2021-04-13,1 days,26 days,0.052136,0.0,335.85926195413936
545,36607.0,36607.0,2021-04-12,2021-04-13,1 days,25 days,0.052136,0.0,320.74834860227736
546,36843.0,36843.0,2021-04-12,2021-04-13,1 days,25 days,0.052136,0.0,379.21038166234297
547,36870.0,36870.0,2021-04-12,2021-04-13,1 days,24 days,0.052136,0.0,438.85046669330836
548,36838.0,36838.0,2021-04-12,2021-04-13,1 days,23 days,0.052136,0.0,339.36993556444054
549,36711.0,36711.0,2021-04-12,2021-04-13,1 days,19 days,0.052136,0.0,300.2140324505467
550,36865.0,36865.0,2021-04-12,2021-04-13,1 days,17 days,0.052136,0.0,140.6380548898689
551,36829.0,36829.0,2021-04-12,2021-04-13,1 days,17 days,0.052136,0.0,337.1033835890617
552,36880.0,36880.0,2021-04-12,2021-04-13,1 days,17 days,0.052136,0.0,341.0557125211196
553,36806.0,36806.0,2021-04-12,2021-04-13,1 days,16 days,0.052136,0.0,436.5102598745929
554,36796.0,36796.0,2021-04-12,2021-04-13,1 days,13 days,0.052136,0.0,389.30547968129133
555,36637.0,36637.0,2021-04-12,2021-04-13,1 days,9 days,0.052136,0.0,238.70790895616216
556,36636.0,36636.0,2021-04-12,2021-04-13,1 days,9 days,0.052136,0.0,407.2668236855648
557,36899.0,36899.0,2021-04-24,2021-04-29,5 days,17 days,20.999616,0.01,337.8250711720057
558,36689.0,36689.0,2021-04-24,2021-04-29,5 days,17 days,20.999616,0.01,444.2013173951479
559,36917.0,36917.0,2021-04-24,2021-04-29,5 days,18 days,20.999616,0.01,345.9962877577396
560,37100.0,37100.0,2021-04-24,2021-04-29,5 days,16 days,20.999616,0.01,444.2013173951479
561,36690.0,36690.0,2021-04-24,2021-04-29,5 days,16 days,20.999616,0.01,610.9717008179138
562,37102.0,37102.0,2021-04-24,2021-04-29,5 days,16 days,20.999616,0.01,391.8352905959594
563,37007.0,37007.0,2021-04-24,2021-04-29,5 days,16 days,20.999616,0.01,359.17154037624397
564,37027.0,37027.0,2021-04-24,2021-04-29,5 days,15 days,20.999616,0.01,445.62127973064855
565,36969.0,36969.0,2021-04-24,2021-04-29,5 days,14 days,20.999616,0.01,409.76419337822654
566,37106.0,37106.0,2021-04-24,2021-04-29,5 days,15 days,20.999616,0.01,315.6073504191866
567,37117.0,37117.0,2021-04-24,2021-04-29,5 days,11 days,20.999616,0.01,248.77864904697213
568,36913.0,36913.0,2021-04-24,2021-04-29,5 days,9 days,20.999616,0.01,341.92602870307036
569,37359.0,37359.0,2021-04-24,2021-04-29,5 days,10 days,20.999616,0.01,558.1117648638672
570,37245.0,37245.0,2021-05-19,2021-05-24,5 days,29 days,0.396967,1.89,282.0102815051733
571,37003.0,37003.0,2021-04-24,2021-04-29,5 days,9 days,20.999616,0.01,417.05257647118583
572,37207.0,37207.0,2021-04-24,2021-04-29,5 days,8 days,20.999616,0.01,277.2953385127714
573,37208.0,37208.0,2021-04-24,2021-04-29,5 days,8 days,20.999616,0.01,225.65233474512212
574,36925.0,36925.0,2021-04-24,2021-04-29,5 days,8 days,20.999616,0.01,414.384559092107
575,37246.0,37246.0,2021-05-19,2021-05-24,5 days,29 days,0.396967,1.89,274.379223838317
576,37243.0,37243.0,2021-04-24,2021-04-29,5 days,5 days,20.999616,0.01,367.63034449424595
577,37237.0,37237.0,2021-04-24,2021-04-29,5 days,5 days,20.999616,0.01,375.0312062147837
578,36978.0,36978.0,2021-05-19,2021-05-24,5 days,27 days,0.396967,1.89,640.7621819501697
579,37145.0,37145.0,2021-05-19,2021-05-24,5 days,25 days,0.396967,1.89,303.46758774039927
580,36955.0,36955.0,2021-05-19,2021-05-24,5 days,28 days,0.396967,1.89,225.37684312683135
581,37228.0,37228.0,2021-05-19,2021-05-24,5 days,16 days,0.396967,1.89,319.12159174442354
582,37435.0,37435.0,2021-05-19,2021-05-24,5 days,14 days,0.396967,1.89,433.0748973685408
583,37572.0,37572.0,2021-05-19,2021-05-24,5 days,15 days,0.396967,1.89,593.8832431071988
584,37484.0,37484.0,2021-05-19,2021-05-24,5 days,14 days,0.396967,1.89,488.8890149197038
585,37429.0,37429.0,2021-05-19,2021-05-24,5 days,12 days,0.396967,1.89,255.70918518057204
586,37491.0,37491.0,2021-05-19,2021-05-24,5 days,7 days,0.396967,1.89,289.3254216198552
587,37407.0,37407.0,2021-05-19,2021-05-24,5 days,12 days,0.396967,1.89,219.26800727482956
588,37493.0,37493.0,2021-05-19,2021-05-24,5 days,7 days,0.396967,1.89,275.4055587092207
589,37558.0,37558.0,2021-05-19,2021-05-24,5 days,7 days,0.396967,1.89,406.7293815977487
590,37410.0,37410.0,2021-05-19,2021-05-24,5 days,7 days,0.396967,1.89,213.61105958849592
591,37543.0,37543.0,2021-05-19,2021-05-24,5 days,5 days,0.396967,1.89,251.2344616837725
592,37544.0,37544.0,2021-05-19,2021-05-24,5 days,5 days,0.396967,1.89,300.9179219556001
593,37411.0,37411.0,2021-05-19,2021-05-24,5 days,6 days,0.396967,1.89,480.5677071276286
594,37431.0,37431.0,2021-05-19,2021-05-24,5 days,5 days,0.396967,1.89,238.95632431534278
595,38913.0,38913.0,2021-05-27,2021-05-31,4 days,9 days,0.955328,2.24,451.29601792961125
596,38912.0,38912.0,2021-05-27,2021-05-31,4 days,9 days,0.955328,2.24,565.4449651386243
597,38813.0,38813.0,2021-05-27,2021-05-31,4 days,8 days,0.955328,2.24,422.2034198853912
598,38754.0,38754.0,2021-05-27,2021-05-31,4 days,8 days,0.955328,2.24,334.62869334312893
599,38888.0,38888.0,2021-05-27,2021-05-31,4 days,7 days,0.955328,2.24,380.40507980040906
600,38940.0,38940.0,2021-05-27,2021-05-31,4 days,6 days,0.955328,2.24,486.82040296749284
601,38962.0,38962.0,2021-06-08,2021-06-09,1 days,17 days,2.09451,7.66,319.6595886491507
602,38964.0,38964.0,2021-06-08,2021-06-09,1 days,17 days,2.09451,7.66,469.9576299197714
603,38887.0,38887.0,2021-06-08,2021-06-09,1 days,13 days,2.09451,7.66,334.82264280910977
604,38843.0,38843.0,2021-06-08,2021-06-09,1 days,13 days,2.09451,7.66,260.9488675502574
605,38773.0,38773.0,2021-06-08,2021-06-09,1 days,12 days,2.09451,7.66,260.9488675502574
606,38974.0,38974.0,2021-06-08,2021-06-09,1 days,14 days,2.09451,7.66,462.38229098684775
607,38799.0,38799.0,2021-06-08,2021-06-09,1 days,14 days,2.09451,7.66,251.4918218141369
608,37605.0,37605.0,2021-06-08,2021-06-09,1 days,11 days,2.09451,7.66,318.89279489351986
609,38839.0,38839.0,2021-06-08,2021-06-09,1 days,12 days,2.09451,7.66,151.04165394995223
610,37843.0,37843.0,2021-06-08,2021-06-09,1 days,10 days,2.09451,7.66,225.86135924312885
611,37835.0,37835.0,2021-06-11,2021-06-16,5 days,7 days,1.157636,16.46,1012.8440911533067
612,37738.0,37738.0,2021-06-21,2021-06-25,4 days,13 days,0.572245,48.41,248.88686205466817
613,37702.0,37702.0,2021-06-21,2021-06-25,4 days,13 days,0.572245,48.41,1353.5874577563727
614,37620.0,37620.0,2021-06-21,2021-06-25,4 days,13 days,0.572245,48.41,1258.5890712391404
615,37728.0,37728.0,2021-06-21,2021-06-25,4 days,13 days,0.572245,48.41,370.3246243840242
616,37828.0,37828.0,2021-06-21,2021-06-25,4 days,11 days,0.572245,48.41,260.51861069808166
617,37711.0,37711.0,2021-06-21,2021-06-25,4 days,10 days,0.572245,48.41,695.9497541248295
618,37712.0,37712.0,2021-06-21,2021-06-25,4 days,10 days,0.572245,48.41,1071.130463603539
619,37815.0,37815.0,2021-06-21,2021-06-25,4 days,11 days,0.572245,48.41,294.38700157617524
620,37714.0,37714.0,2021-06-21,2021-06-25,4 days,10 days,0.572245,48.41,855.265924250576
621,37713.0,37713.0,2021-06-21,2021-06-25,4 days,10 days,0.572245,48.41,1207.7878647736868
622,39199.0,39199.0,2021-07-16,2021-07-18,2 days,31 days,97.866911,8.18,890.4500341864338
623,39037.0,39037.0,2021-07-16,2021-07-18,2 days,30 days,97.866911,8.18,1514.0624451503943
624,39243.0,39243.0,2021-07-16,2021-07-18,2 days,31 days,97.866911,8.18,762.8823331558665
625,39038.0,39038.0,2021-07-16,2021-07-18,2 days,30 days,97.866911,8.18,890.4500341864338
626,39113.0,39113.0,2021-07-16,2021-07-18,2 days,31 days,97.866911,8.18,1439.0623342759534
627,39055.0,39055.0,2021-07-16,2021-07-18,2 days,29 days,97.866911,8.18,2042.0037962743556
628,39068.0,39068.0,2021-07-16,2021-07-18,2 days,30 days,97.866911,8.18,629.8687873455456
629,39082.0,39082.0,2021-07-16,2021-07-18,2 days,29 days,97.866911,8.18,809.7207120493816
630,39151.0,39151.0,2021-07-16,2021-07-18,2 days,30 days,97.866911,8.18,732.2132357299296
631,39210.0,39210.0,2021-07-16,2021-07-18,2 days,30 days,97.866911,8.18,1886.7128742834502
632,39092.0,39092.0,2021-07-16,2021-07-18,2 days,29 days,97.866911,8.18,505.40775387512065
633,39095.0,39095.0,2021-07-16,2021-07-18,2 days,29 days,97.866911,8.18,665.5628097832032
634,39093.0,39093.0,2021-07-16,2021-07-18,2 days,29 days,97.866911,8.18,665.5628097832032
635,39122.0,39122.0,2021-07-16,2021-07-18,2 days,24 days,97.866911,8.18,2149.5115630354626
636,39069.0,39069.0,2021-07-16,2021-07-18,2 days,24 days,97.866911,8.18,961.3981651960999
637,39182.0,39182.0,2021-07-16,2021-07-18,2 days,23 days,97.866911,8.18,1731.7673054753
638,39396.0,39396.0,2021-07-16,2021-07-18,2 days,21 days,97.866911,8.18,347.71146221220124
639,37913.0,37913.0,2021-07-16,2021-07-18,2 days,18 days,97.866911,8.18,1047.400867194049
640,38076.0,38076.0,2021-07-16,2021-07-18,2 days,17 days,97.866911,8.18,424.37593424297984
641,38077.0,38077.0,2021-07-16,2021-07-18,2 days,17 days,97.866911,8.18,436.71075131866536
642,38078.0,38078.0,2021-07-16,2021-07-18,2 days,17 days,97.866911,8.18,428.39929246298425
643,39070.0,39070.0,2021-07-16,2021-07-18,2 days,15 days,97.866911,8.18,531.4333037681156
644,39078.0,39078.0,2021-07-16,2021-07-18,2 days,11 days,97.866911,8.18,1181.0250878670274
645,39370.0,39370.0,2021-07-16,2021-07-18,2 days,10 days,97.866911,8.18,423.9059238383365
646,39432.0,39432.0,2021-07-16,2021-07-18,2 days,10 days,97.866911,8.18,1978.641104444071
647,39336.0,39336.0,2021-07-16,2021-07-18,2 days,8 days,97.866911,8.18,624.2320461125773
648,37975.0,37975.0,2021-07-16,2021-07-18,2 days,8 days,97.866911,8.18,2196.780084529301
649,38074.0,38074.0,2021-07-26,2021-07-27,1 days,13 days,0.817246,16.27,291.66673732938443
650,38073.0,38073.0,2021-07-26,2021-07-27,1 days,13 days,0.817246,16.27,291.25101417873543
651,39453.0,39453.0,2021-08-10,2021-08-12,2 days,22 days,25.544244,16.65,469.82127676058764
652,38087.0,38087.0,2021-08-10,2021-08-12,2 days,22 days,25.544244,16.65,274.2105870297945
653,39356.0,39356.0,2021-08-10,2021-08-12,2 days,22 days,25.544244,16.65,290.19266919436274
654,37926.0,37926.0,2021-08-10,2021-08-12,2 days,20 days,25.544244,16.65,375.32944608902517
655,37958.0,37958.0,2021-08-10,2021-08-12,2 days,20 days,25.544244,16.65,259.42576841896766
656,37951.0,37951.0,2021-08-10,2021-08-12,2 days,19 days,25.544244,16.65,176.71126232491923
657,37936.0,37936.0,2021-08-10,2021-08-12,2 days,19 days,25.544244,16.65,241.34873943375607
658,37929.0,37929.0,2021-08-10,2021-08-12,2 days,19 days,25.544244,16.65,312.56578748291867
659,38218.0,38218.0,2021-08-10,2021-08-12,2 days,15 days,25.544244,16.65,568.1177811029276
660,38446.0,38446.0,2021-08-10,2021-08-12,2 days,15 days,25.544244,16.65,332.0745190665911
661,38209.0,38209.0,2021-08-10,2021-08-12,2 days,14 days,25.544244,16.65,344.9171288704192
662,38359.0,38359.0,2021-08-10,2021-08-12,2 days,13 days,25.544244,16.65,560.6618077423788
663,38435.0,38435.0,2021-08-10,2021-08-12,2 days,12 days,25.544244,16.65,562.6936363708276
664,38442.0,38442.0,2021-08-10,2021-08-12,2 days,12 days,25.544244,16.65,268.1190622809243
665,38194.0,38194.0,2021-08-10,2021-08-12,2 days,11 days,25.544244,16.65,337.9027611223297
666,38195.0,38195.0,2021-08-10,2021-08-12,2 days,11 days,25.544244,16.65,360.3598819941042
667,38185.0,38185.0,2021-08-15,2021-08-19,4 days,12 days,12.439662,41.94,320.9635267851371
668,38432.0,38432.0,2021-08-15,2021-08-19,4 days,10 days,12.439662,41.94,470.36865605618533
669,39494.0,39494.0,2021-08-15,2021-08-19,4 days,9 days,12.439662,41.94,483.5392466196002
670,38213.0,38213.0,2021-08-15,2021-08-19,4 days,6 days,12.439662,41.94,1526.626068451648
671,38168.0,38168.0,2021-09-11,2021-09-13,2 days,31 days,32.914254,74.8,925.052702054172
672,38186.0,38186.0,2021-09-11,2021-09-13,2 days,32 days,32.914254,74.8,986.6387161400895
673,39521.0,39521.0,2021-09-11,2021-09-13,2 days,26 days,32.914254,74.8,1075.1436708704975
674,38434.0,38434.0,2021-09-11,2021-09-13,2 days,29 days,32.914254,74.8,1237.1352464510526
675,39590.0,39590.0,2021-09-11,2021-09-13,2 days,29 days,32.914254,74.8,989.9336104681931
676,39493.0,39493.0,2021-09-19,2021-09-20,1 days,33 days,9.355117,20.62,354.83984183907023
677,39479.0,39479.0,2021-09-11,2021-09-13,2 days,29 days,32.914254,74.8,987.6660189634456
678,38425.0,38425.0,2021-09-11,2021-09-13,2 days,26 days,32.914254,74.8,1442.6844311320626
679,38329.0,38329.0,2021-09-11,2021-09-13,2 days,26 days,32.914254,74.8,1100.5870894413692
680,38424.0,38424.0,2021-09-19,2021-09-20,1 days,33 days,9.355117,20.62,438.14668379445686
681,38408.0,38408.0,2021-09-19,2021-09-20,1 days,31 days,9.355117,20.62,358.4923928703151
682,38192.0,38192.0,2021-09-19,2021-09-20,1 days,32 days,9.355117,20.62,523.452826015012
683,38324.0,38324.0,2021-09-19,2021-09-20,1 days,31 days,9.355117,20.62,870.8896923081276
684,38285.0,38285.0,2021-09-19,2021-09-20,1 days,30 days,9.355117,20.62,291.4402354064508
685,39529.0,39529.0,2021-09-19,2021-09-20,1 days,26 days,9.355117,20.62,249.6708281166333
686,38449.0,38449.0,2021-09-19,2021-09-20,1 days,27 days,9.355117,20.62,308.47646398897416
687,38358.0,38358.0,2021-09-19,2021-09-20,1 days,25 days,9.355117,20.62,285.03317601439204
688,38363.0,38363.0,2021-09-19,2021-09-20,1 days,26 days,9.355117,20.62,278.0930671970837
689,39667.0,39667.0,2021-09-19,2021-09-20,1 days,25 days,9.355117,20.62,463.7634581004389
690,38326.0,38326.0,2021-09-19,2021-09-20,1 days,25 days,9.355117,20.62,286.55940382014956
691,38385.0,38385.0,2021-09-19,2021-09-20,1 days,25 days,9.355117,20.62,371.1040640585309
692,38291.0,38291.0,2021-09-19,2021-09-20,1 days,24 days,9.355117,20.62,483.076764125852
693,39509.0,39509.0,2021-09-19,2021-09-20,1 days,20 days,9.355117,20.62,444.17956465511446
694,39668.0,39668.0,2021-09-19,2021-09-20,1 days,19 days,9.355117,20.62,248.63173036468456
695,39505.0,39505.0,2021-09-19,2021-09-20,1 days,19 days,9.355117,20.62,494.53271738097635
696,38382.0,38382.0,2021-09-19,2021-09-20,1 days,18 days,9.355117,20.62,281.17084636434345
697,39687.0,39687.0,2021-09-19,2021-09-20,1 days,17 days,9.355117,20.62,257.4569030923453
698,38561.0,38561.0,2021-10-14,2021-10-15,1 days,31 days,0.323461,3.57,255.75369089744146
699,39652.0,39652.0,2021-09-19,2021-09-20,1 days,13 days,9.355117,20.62,698.5842100344584
700,38562.0,38562.0,2021-10-14,2021-10-15,1 days,31 days,0.323461,3.57,255.44223036557813
701,38563.0,38563.0,2021-10-14,2021-10-15,1 days,31 days,0.323461,3.57,274.75875988873906
702,39681.0,39681.0,2021-10-14,2021-10-15,1 days,31 days,0.323461,3.57,256.9263399128164
703,38589.0,38589.0,2021-10-14,2021-10-15,1 days,23 days,0.323461,3.57,206.81644501126598
704,39720.0,39720.0,2021-10-14,2021-10-15,1 days,23 days,0.323461,3.57,249.59950719110537
705,39723.0,39723.0,2021-10-14,2021-10-15,1 days,23 days,0.323461,3.57,321.92774911388267
706,39722.0,39722.0,2021-10-14,2021-10-15,1 days,23 days,0.323461,3.57,318.62345237047265
707,39721.0,39721.0,2021-10-14,2021-10-15,1 days,23 days,0.323461,3.57,259.50268404867836
708,39820.0,39820.0,2021-10-14,2021-10-15,1 days,22 days,0.323461,3.57,330.4351162535395
709,38489.0,38489.0,2021-10-14,2021-10-15,1 days,21 days,0.323461,3.57,181.44726152524726
710,38490.0,38490.0,2021-10-14,2021-10-15,1 days,21 days,0.323461,3.57,183.16752602138752
711,39764.0,39764.0,2021-10-14,2021-10-15,1 days,16 days,0.323461,3.57,256.9673353448409
712,39793.0,39793.0,2021-10-14,2021-10-15,1 days,17 days,0.323461,3.57,299.0824504776874
713,38519.0,38519.0,2021-10-14,2021-10-15,1 days,15 days,0.323461,3.57,183.16752602138752
714,38732.0,38732.0,2021-10-14,2021-10-15,1 days,13 days,0.323461,3.57,246.65961128009295
715,38733.0,38733.0,2021-10-14,2021-10-15,1 days,13 days,0.323461,3.57,321.92774911388267
716,39787.0,39787.0,2021-11-03,2021-11-07,4 days,29 days,0.187117,0.63,342.59264420953696
717,38727.0,38727.0,2021-11-03,2021-11-07,4 days,27 days,0.187117,0.63,228.41270068026625
718,38738.0,38738.0,2021-11-03,2021-11-07,4 days,29 days,0.187117,0.63,269.0796606835244
719,39887.0,39887.0,2021-11-03,2021-11-07,4 days,27 days,0.187117,0.63,275.37544909136557
720,39888.0,39888.0,2021-11-03,2021-11-07,4 days,27 days,0.187117,0.63,246.54943650546582
721,39883.0,39883.0,2021-11-03,2021-11-07,4 days,27 days,0.187117,0.63,245.67297225113788
722,39884.0,39884.0,2021-11-03,2021-11-07,4 days,27 days,0.187117,0.63,244.35760148992455
723,38691.0,38691.0,2021-11-03,2021-11-07,4 days,23 days,0.187117,0.63,294.8102067913663
724,39859.0,39859.0,2021-11-03,2021-11-07,4 days,23 days,0.187117,0.63,362.99073230344544
725,38672.0,38672.0,2021-11-03,2021-11-07,4 days,22 days,0.187117,0.63,240.20034744133076
726,38673.0,38673.0,2021-11-03,2021-11-07,4 days,22 days,0.187117,0.63,297.8602392512053
727,39894.0,39894.0,2021-11-03,2021-11-07,4 days,21 days,0.187117,0.63,273.0576046927547
728,39899.0,39899.0,2021-11-03,2021-11-07,4 days,21 days,0.187117,0.63,214.41217573465752
729,38726.0,38726.0,2021-11-20,2021-11-23,3 days,30 days,0.241683,0.4,323.573003275203
730,39802.0,39802.0,2021-11-03,2021-11-07,4 days,20 days,0.187117,0.63,230.0254560096182
731,39842.0,39842.0,2021-11-03,2021-11-07,4 days,20 days,0.187117,0.63,196.39120015910606
732,38681.0,38681.0,2021-11-03,2021-11-07,4 days,15 days,0.187117,0.63,356.8357714786902
733,39803.0,39803.0,2021-11-03,2021-11-07,4 days,16 days,0.187117,0.63,316.1611610060912
734,39893.0,39893.0,2021-11-03,2021-11-07,4 days,16 days,0.187117,0.63,275.86149884690946
735,39980.0,39980.0,2021-11-20,2021-11-23,3 days,31 days,0.241683,0.4,283.08392948741175
736,39882.0,39882.0,2021-11-20,2021-11-23,3 days,31 days,0.241683,0.4,244.590358494774
737,39861.0,39861.0,2021-11-20,2021-11-23,3 days,30 days,0.241683,0.4,306.9966562717785
738,38725.0,38725.0,2021-11-20,2021-11-23,3 days,30 days,0.241683,0.4,282.10136596664205
739,39916.0,39916.0,2021-11-20,2021-11-23,3 days,30 days,0.241683,0.4,204.08635409674957
740,39953.0,39953.0,2021-11-20,2021-11-23,3 days,26 days,0.241683,0.4,236.96810094993813
741,38697.0,38697.0,2021-11-20,2021-11-23,3 days,23 days,0.241683,0.4,294.97945651210165
742,39912.0,39912.0,2021-11-20,2021-11-23,3 days,23 days,0.241683,0.4,209.55061623778548
743,39871.0,39871.0,2021-11-30,2021-12-02,2 days,32 days,0.299219,0.06,258.4317575972654
744,38617.0,38617.0,2021-11-30,2021-12-02,2 days,29 days,0.299219,0.06,153.01403319243946
745,40000.0,40000.0,2021-11-30,2021-12-02,2 days,29 days,0.299219,0.06,208.49094044043719
746,39930.0,39930.0,2021-11-30,2021-12-02,2 days,26 days,0.299219,0.06,320.2921809129961
747,40064.0,40064.0,2021-11-30,2021-12-02,2 days,26 days,0.299219,0.06,249.3151850874026
748,40169.0,40169.0,2021-11-30,2021-12-02,2 days,25 days,0.299219,0.06,153.01403319243946
749,40095.0,40095.0,2021-11-30,2021-12-02,2 days,18 days,0.299219,0.06,195.59796156242166
750,40052.0,40052.0,2021-11-30,2021-12-02,2 days,18 days,0.299219,0.06,173.05631575287362
751,40122.0,40122.0,2021-11-30,2021-12-02,2 days,14 days,0.299219,0.06,197.96635367461673
752,40162.0,40162.0,2021-11-30,2021-12-02,2 days,13 days,0.299219,0.06,263.26577254216124
753,40075.0,40075.0,2021-11-30,2021-12-02,2 days,13 days,0.299219,0.06,273.49981643369694
754,40076.0,40076.0,2021-11-30,2021-12-02,2 days,13 days,0.299219,0.06,208.70300661475878
755,40273.0,40273.0,2021-12-23,2021-12-25,2 days,31 days,0.12131,0.02,376.6411800295106
756,40073.0,40073.0,2021-12-23,2021-12-25,2 days,31 days,0.12131,0.02,360.8496876048771
757,40107.0,40107.0,2021-12-23,2021-12-25,2 days,30 days,0.12131,0.02,393.1908346913199
758,40069.0,40069.0,2021-12-23,2021-12-25,2 days,29 days,0.12131,0.02,218.01532958429894
759,40118.0,40118.0,2021-12-23,2021-12-25,2 days,30 days,0.12131,0.02,243.63778633742112
760,40230.0,40230.0,2021-12-23,2021-12-25,2 days,27 days,0.12131,0.02,233.71730817098955
761,40307.0,40307.0,2021-12-23,2021-12-25,2 days,28 days,0.12131,0.02,235.5080724309206
762,40001.0,40001.0,2021-12-23,2021-12-25,2 days,24 days,0.12131,0.02,343.4532567083461
763,40243.0,40243.0,2021-12-23,2021-12-25,2 days,23 days,0.12131,0.02,255.59039439199583
764,40290.0,40290.0,2021-12-23,2021-12-25,2 days,21 days,0.12131,0.02,285.9060552532243
765,40396.0,40396.0,2021-12-23,2021-12-25,2 days,10 days,0.12131,0.02,459.7864177345233
766,40250.0,40250.0,2021-12-23,2021-12-25,2 days,8 days,0.12131,0.02,252.21774060340638
767,40460.0,40460.0,2021-12-23,2021-12-25,2 days,8 days,0.12131,0.02,216.3074831152499
768,40458.0,40458.0,2022-01-14,2022-01-19,5 days,28 days,0.201615,4.92,149.30564429280145
769,40361.0,40361.0,2022-01-14,2022-01-19,5 days,29 days,0.201615,4.92,323.69581548003544
770,40402.0,40402.0,2022-01-14,2022-01-19,5 days,25 days,0.201615,4.92,243.81488314264374
771,40355.0,40355.0,2022-01-14,2022-01-19,5 days,24 days,0.201615,4.92,251.05648736888762
772,40421.0,40421.0,2022-01-22,2022-01-26,4 days,30 days,7.129203,0.99,341.13423306085997
773,40466.0,40466.0,2022-01-22,2022-01-26,4 days,30 days,7.129203,0.99,321.4109200798517
774,40454.0,40454.0,2022-01-22,2022-01-26,4 days,26 days,7.129203,0.99,405.82321702587024
775,40443.0,40443.0,2022-01-22,2022-01-26,4 days,25 days,7.129203,0.99,303.5724068782099
776,40422.0,40422.0,2022-01-22,2022-01-26,4 days,24 days,7.129203,0.99,378.2498867248217
777,40463.0,40463.0,2022-01-22,2022-01-26,4 days,23 days,7.129203,0.99,490.130270578971
778,33945.0,33945.0,2022-01-22,2022-01-26,4 days,19 days,7.129203,0.99,262.12799269412284
779,33975.0,33975.0,2022-01-22,2022-01-26,4 days,17 days,7.129203,0.99,304.1880441823782
780,33894.0,33894.0,2022-01-22,2022-01-26,4 days,12 days,7.129203,0.99,219.68801944426195
781,34035.0,34035.0,2022-01-22,2022-01-26,4 days,15 days,7.129203,0.99,287.67660772597156
782,34037.0,34037.0,2022-01-22,2022-01-26,4 days,15 days,7.129203,0.99,319.12105163931034
783,33870.0,33870.0,2022-01-22,2022-01-26,4 days,12 days,7.129203,0.99,287.67660772597156
784,33869.0,33869.0,2022-01-22,2022-01-26,4 days,12 days,7.129203,0.99,314.8707751250453
785,34034.0,34034.0,2022-01-22,2022-01-26,4 days,15 days,7.129203,0.99,166.8570577578511
786,33923.0,33923.0,2022-01-22,2022-01-26,4 days,11 days,7.129203,0.99,745.3240714951429
787,34018.0,34018.0,2022-01-22,2022-01-26,4 days,9 days,7.129203,0.99,171.47567926889283
788,34021.0,34021.0,2022-01-22,2022-01-26,4 days,9 days,7.129203,0.99,317.80702003014864
789,34020.0,34020.0,2022-01-22,2022-01-26,4 days,9 days,7.129203,0.99,317.9526024052456
790,33925.0,33925.0,2022-01-22,2022-01-26,4 days,8 days,7.129203,0.99,325.4929696854117
791,33948.0,33948.0,2022-02-16,2022-02-20,4 days,30 days,5.1e-05,0.22,468.33011928419813
792,34028.0,34028.0,2022-02-16,2022-02-20,4 days,28 days,5.1e-05,0.22,291.7844370745185
793,33965.0,33965.0,2022-02-16,2022-02-20,4 days,26 days,5.1e-05,0.22,175.8172925777321
794,34068.0,34068.0,2022-02-16,2022-02-20,4 days,23 days,5.1e-05,0.22,301.66532838316937
795,33904.0,33904.0,2022-02-16,2022-02-20,4 days,22 days,5.1e-05,0.22,352.4374478166352
796,33995.0,33995.0,2022-02-16,2022-02-20,4 days,21 days,5.1e-05,0.22,401.5634741947147
797,34052.0,34052.0,2022-02-16,2022-02-20,4 days,21 days,5.1e-05,0.22,285.2188320368623
798,34008.0,34008.0,2022-02-16,2022-02-20,4 days,21 days,5.1e-05,0.22,225.67818900322933
799,33920.0,33920.0,2022-02-16,2022-02-20,4 days,21 days,5.1e-05,0.22,462.89317211416426
800,33885.0,33885.0,2022-02-16,2022-02-20,4 days,20 days,5.1e-05,0.22,267.4025500600136
801,34091.0,34091.0,2022-02-16,2022-02-20,4 days,16 days,5.1e-05,0.22,504.34474142301724
802,34128.0,34128.0,2022-02-16,2022-02-20,4 days,16 days,5.1e-05,0.22,209.18171920127264
803,34154.0,34154.0,2022-03-03,2022-03-08,5 days,29 days,7e-06,0.05,301.6841000563844
804,34181.0,34181.0,2022-03-13,2022-03-15,2 days,32 days,6.1e-05,0.0,250.08860244524337
805,34113.0,34113.0,2022-03-13,2022-03-15,2 days,31 days,6.1e-05,0.0,304.5290474584217
806,34114.0,34114.0,2022-03-13,2022-03-15,2 days,31 days,6.1e-05,0.0,281.7176479045483
807,34090.0,34090.0,2022-03-13,2022-03-15,2 days,30 days,6.1e-05,0.0,391.7014695596991
808,34106.0,34106.0,2022-03-13,2022-03-15,2 days,31 days,6.1e-05,0.0,259.17658487075323
809,34201.0,34201.0,2022-03-13,2022-03-15,2 days,27 days,6.1e-05,0.0,531.1328181093112
810,34183.0,34183.0,2022-03-13,2022-03-15,2 days,26 days,6.1e-05,0.0,528.8085337991215
811,34247.0,34247.0,2022-03-13,2022-03-15,2 days,25 days,6.1e-05,0.0,239.60114163560417
812,34174.0,34174.0,2022-03-13,2022-03-15,2 days,25 days,6.1e-05,0.0,199.3402684683358
813,34189.0,34189.0,2022-03-13,2022-03-15,2 days,25 days,6.1e-05,0.0,328.7880159374373
814,34249.0,34249.0,2022-03-13,2022-03-15,2 days,19 days,6.1e-05,0.0,323.02376534383677
815,34280.0,34280.0,2022-03-13,2022-03-15,2 days,16 days,6.1e-05,0.0,612.3008245518272
816,34290.0,34290.0,2022-03-13,2022-03-15,2 days,13 days,6.1e-05,0.0,297.09678846526776
817,35754.0,35754.0,2022-03-13,2022-03-15,2 days,12 days,6.1e-05,0.0,299.10372101052036
818,35705.0,35705.0,2022-03-20,2022-03-24,4 days,13 days,0.000162,0.18,294.6412154243141
819,35842.0,35842.0,2022-03-20,2022-03-24,4 days,9 days,0.000162,0.18,446.77796004370794
820,35771.0,35771.0,2022-03-20,2022-03-24,4 days,10 days,0.000162,0.18,335.2180413658746
821,35680.0,35680.0,2022-03-20,2022-03-24,4 days,10 days,0.000162,0.18,527.2024580736937
822,35730.0,35730.0,2022-04-12,2022-04-16,4 days,26 days,24.200955,0.0,173.47415117617308
823,34307.0,34307.0,2022-04-12,2022-04-16,4 days,25 days,24.200955,0.0,384.093411882893
824,35829.0,35829.0,2022-04-12,2022-04-16,4 days,20 days,24.200955,0.0,328.8904362565784
825,35691.0,35691.0,2022-04-12,2022-04-16,4 days,12 days,24.200955,0.0,528.0556413117998
826,35864.0,35864.0,2022-04-12,2022-04-16,4 days,7 days,24.200955,0.0,335.577371161605
827,34482.0,34482.0,2022-04-12,2022-04-16,4 days,8 days,24.200955,0.0,562.9967187776632
828,34390.0,34390.0,2022-04-12,2022-04-16,4 days,6 days,24.200955,0.0,306.91404378450943
829,35816.0,35816.0,2022-04-27,2022-05-02,5 days,20 days,2.333961,0.01,572.1466997137352
830,34419.0,34419.0,2022-04-27,2022-05-02,5 days,19 days,2.333961,0.01,334.35250413784047
831,34440.0,34440.0,2022-04-27,2022-05-02,5 days,16 days,2.333961,0.01,347.34859872992575
832,35831.0,35831.0,2022-04-27,2022-05-02,5 days,16 days,2.333961,0.01,377.14183381942723
833,35830.0,35830.0,2022-04-27,2022-05-02,5 days,16 days,2.333961,0.01,376.5565798663894
834,35832.0,35832.0,2022-04-27,2022-05-02,5 days,16 days,2.333961,0.01,370.56695829691137
835,34402.0,34402.0,2022-04-27,2022-05-02,5 days,15 days,2.333961,0.01,303.9632135945249
836,34452.0,34452.0,2022-04-27,2022-05-02,5 days,14 days,2.333961,0.01,513.0080149208709
837,35963.0,35963.0,2022-04-27,2022-05-02,5 days,8 days,2.333961,0.01,215.18592020487054
838,34374.0,34374.0,2022-04-27,2022-05-02,5 days,14 days,2.333961,0.01,450.9437993687038
839,35781.0,35781.0,2022-04-27,2022-05-02,5 days,8 days,2.333961,0.01,410.3635099915098
840,34494.0,34494.0,2022-04-27,2022-05-02,5 days,8 days,2.333961,0.01,501.531095730837
841,35906.0,35906.0,2022-05-24,2022-05-27,3 days,22 days,7.2e-05,5.65,825.7065057884726
842,36018.0,36018.0,2022-05-24,2022-05-27,3 days,19 days,7.2e-05,5.65,342.02959062165775
843,36000.0,36000.0,2022-05-24,2022-05-27,3 days,19 days,7.2e-05,5.65,683.0270681151526
844,36037.0,36037.0,2022-05-24,2022-05-27,3 days,19 days,7.2e-05,5.65,372.4296230402456
845,36106.0,36106.0,2022-05-24,2022-05-27,3 days,18 days,7.2e-05,5.65,1579.0768414107413
846,36120.0,36120.0,2022-05-24,2022-05-27,3 days,18 days,7.2e-05,5.65,1621.0910791794083
847,34624.0,34624.0,2022-05-24,2022-05-27,3 days,13 days,7.2e-05,5.65,534.5931459786598
848,36105.0,36105.0,2022-05-24,2022-05-27,3 days,13 days,7.2e-05,5.65,199.94470509229174
849,35909.0,35909.0,2022-05-24,2022-05-27,3 days,13 days,7.2e-05,5.65,363.618768171337
850,36092.0,36092.0,2022-05-24,2022-05-27,3 days,12 days,7.2e-05,5.65,361.5990295153439
851,36091.0,36091.0,2022-05-24,2022-05-27,3 days,12 days,7.2e-05,5.65,576.6526344030739
852,36011.0,36011.0,2022-05-24,2022-05-27,3 days,8 days,7.2e-05,5.65,322.4094970521932
853,36035.0,36035.0,2022-05-24,2022-05-27,3 days,8 days,7.2e-05,5.65,386.3252898714259
854,35967.0,35967.0,2022-06-08,2022-06-12,4 days,21 days,0.01966,7.58,361.9310429420498
855,36033.0,36033.0,2022-05-24,2022-05-27,3 days,8 days,7.2e-05,5.65,2057.6663838179165
856,34607.0,34607.0,2022-05-24,2022-05-27,3 days,8 days,7.2e-05,5.65,2045.9961560732693
857,35966.0,35966.0,2022-06-08,2022-06-12,4 days,21 days,0.01966,7.58,2236.7489358582457
858,34549.0,34549.0,2022-05-24,2022-05-27,3 days,7 days,7.2e-05,5.65,459.9752140694786
859,34542.0,34542.0,2022-06-08,2022-06-12,4 days,21 days,0.01966,7.58,1904.7046629668594
860,34541.0,34541.0,2022-06-08,2022-06-12,4 days,21 days,0.01966,7.58,1993.99782076429
861,34523.0,34523.0,2022-05-24,2022-05-27,3 days,7 days,7.2e-05,5.65,327.3738521870768
862,34519.0,34519.0,2022-06-08,2022-06-12,4 days,21 days,0.01966,7.58,1543.8360174742763
863,34529.0,34529.0,2022-06-08,2022-06-12,4 days,21 days,0.01966,7.58,969.8861027206465
864,34679.0,34679.0,2022-06-08,2022-06-12,4 days,14 days,0.01966,7.58,1518.8808932683996
865,36056.0,36056.0,2022-06-08,2022-06-12,4 days,13 days,0.01966,7.58,1530.912793651476
866,34571.0,34571.0,2022-06-08,2022-06-12,4 days,13 days,0.01966,7.58,2169.4352687440914
867,36115.0,36115.0,2022-06-08,2022-06-12,4 days,9 days,0.01966,7.58,349.30399378013533
868,34661.0,34661.0,2022-06-08,2022-06-12,4 days,12 days,0.01966,7.58,352.5866108117242
869,36114.0,36114.0,2022-06-08,2022-06-12,4 days,9 days,0.01966,7.58,1607.6303170032859
870,34719.0,34719.0,2022-06-08,2022-06-12,4 days,8 days,0.01966,7.58,623.4265173343897
871,34706.0,34706.0,2022-06-08,2022-06-12,4 days,7 days,0.01966,7.58,1451.8737434656255
872,36141.0,36141.0,2022-06-08,2022-06-12,4 days,7 days,0.01966,7.58,357.7284603111523
873,34733.0,34733.0,2022-06-08,2022-06-12,4 days,7 days,0.01966,7.58,484.4086118177806
874,36157.0,36157.0,2022-06-18,2022-06-19,1 days,15 days,16.573383,29.46,885.5755639286441
875,36242.0,36242.0,2022-06-18,2022-06-19,1 days,12 days,16.573383,29.46,1472.6436322141365
876,34770.0,34770.0,2022-06-18,2022-06-19,1 days,11 days,16.573383,29.46,1683.7007722998246
877,34771.0,34771.0,2022-06-18,2022-06-19,1 days,11 days,16.573383,29.46,1800.2386606176037
878,34777.0,34777.0,2022-06-18,2022-06-19,1 days,9 days,16.573383,29.46,2294.1886158907396
879,34786.0,34786.0,2022-07-13,2022-07-14,1 days,30 days,14.856972,14.2,250.93204869962437
880,36226.0,36226.0,2022-07-13,2022-07-14,1 days,28 days,14.856972,14.2,636.9024014231945
881,36327.0,36327.0,2022-07-18,2022-07-21,3 days,20 days,2.49722,2.3,235.27164277211324
882,34900.0,34900.0,2022-07-18,2022-07-21,3 days,20 days,2.49722,2.3,276.0763501413886
883,36241.0,36241.0,2022-07-18,2022-07-21,3 days,19 days,2.49722,2.3,332.72895093414274
884,36300.0,36300.0,2022-07-18,2022-07-21,3 days,19 days,2.49722,2.3,202.93229533974358
885,36260.0,36260.0,2022-07-18,2022-07-21,3 days,18 days,2.49722,2.3,301.07133603186867
886,34858.0,34858.0,2022-07-18,2022-07-21,3 days,18 days,2.49722,2.3,436.5231232157267
887,36271.0,36271.0,2022-07-18,2022-07-21,3 days,13 days,2.49722,2.3,517.0559813282588
888,34861.0,34861.0,2022-07-18,2022-07-21,3 days,14 days,2.49722,2.3,584.7840564365467
889,34986.0,34986.0,2022-08-05,2022-08-06,1 days,24 days,11.414251,6.58,190.07668934088036
890,36311.0,36311.0,2022-08-05,2022-08-06,1 days,23 days,11.414251,6.58,296.2049072249107
891,34788.0,34788.0,2022-08-05,2022-08-06,1 days,24 days,11.414251,6.58,340.4085810697474
892,36430.0,36430.0,2022-08-05,2022-08-06,1 days,23 days,11.414251,6.58,341.54492094986455
893,36282.0,36282.0,2022-08-05,2022-08-06,1 days,18 days,11.414251,6.58,323.84817191795383
894,36281.0,36281.0,2022-08-05,2022-08-06,1 days,17 days,11.414251,6.58,231.69919197618756
895,34941.0,34941.0,2022-08-05,2022-08-06,1 days,16 days,11.414251,6.58,328.5311039442555
896,36504.0,36504.0,2022-08-05,2022-08-06,1 days,10 days,11.414251,6.58,217.55903557770316
897,36600.0,36600.0,2022-08-20,2022-08-22,2 days,23 days,29.99554,16.1,686.8886209874353
898,34977.0,34977.0,2022-08-20,2022-08-22,2 days,22 days,29.99554,16.1,533.8029256152807
899,36573.0,36573.0,2022-08-20,2022-08-22,2 days,20 days,29.99554,16.1,1564.694560491467
900,36405.0,36405.0,2022-08-20,2022-08-22,2 days,19 days,29.99554,16.1,744.9502170225963
901,35136.0,35136.0,2022-08-20,2022-08-22,2 days,18 days,29.99554,16.1,810.6294998891259
902,36567.0,36567.0,2022-08-20,2022-08-22,2 days,15 days,29.99554,16.1,1836.1441479705188
903,36466.0,36466.0,2022-08-20,2022-08-22,2 days,15 days,29.99554,16.1,1834.0023707911982
904,35183.0,35183.0,2022-08-20,2022-08-22,2 days,10 days,29.99554,16.1,1330.1347679601263
905,36542.0,36542.0,2022-08-20,2022-08-22,2 days,9 days,29.99554,16.1,1201.418994815486
906,36520.0,36520.0,2022-08-20,2022-08-22,2 days,8 days,29.99554,16.1,564.6451769556078
907,36733.0,36733.0,2022-09-04,2022-09-07,3 days,19 days,64.277804,27.83,648.080092863299
908,35110.0,35110.0,2022-09-04,2022-09-07,3 days,18 days,64.277804,27.83,1395.8813517525964
909,35262.0,35262.0,2022-09-21,2022-09-23,2 days,29 days,20.657311,11.6,433.29467041130425
910,35279.0,35279.0,2022-09-21,2022-09-23,2 days,28 days,20.657311,11.6,243.45310163035444
911,36652.0,36652.0,2022-09-21,2022-09-23,2 days,24 days,20.657311,11.6,329.55620979279183
912,36765.0,36765.0,2022-10-01,2022-10-02,1 days,33 days,0.000275,2.13,187.71189934330823
913,36912.0,36912.0,2022-10-01,2022-10-02,1 days,29 days,0.000275,2.13,238.42636475548005
914,36911.0,36911.0,2022-10-01,2022-10-02,1 days,29 days,0.000275,2.13,152.3471136377291
915,36944.0,36944.0,2022-10-01,2022-10-02,1 days,27 days,0.000275,2.13,312.0742754785217
916,36962.0,36962.0,2022-10-01,2022-10-02,1 days,23 days,0.000275,2.13,192.81516021237104
917,36664.0,36664.0,2022-10-01,2022-10-02,1 days,18 days,0.000275,2.13,263.66786353032705
918,35380.0,35380.0,2022-10-01,2022-10-02,1 days,18 days,0.000275,2.13,336.1867099426333
919,36864.0,36864.0,2022-10-01,2022-10-02,1 days,17 days,0.000275,2.13,117.62486476523203
920,35239.0,35239.0,2022-10-21,2022-10-25,4 days,29 days,0.027369,0.04,229.65843134339397
921,36964.0,36964.0,2022-10-21,2022-10-25,4 days,29 days,0.027369,0.04,239.51799911154325
922,36895.0,36895.0,2022-10-21,2022-10-25,4 days,28 days,0.027369,0.04,235.23033951259538
923,36845.0,36845.0,2022-10-21,2022-10-25,4 days,25 days,0.027369,0.04,244.74249119533238
924,36855.0,36855.0,2022-10-21,2022-10-25,4 days,25 days,0.027369,0.04,210.6334858532006
925,37063.0,37063.0,2022-10-21,2022-10-25,4 days,22 days,0.027369,0.04,419.90079335186476
926,36961.0,36961.0,2022-10-21,2022-10-25,4 days,23 days,0.027369,0.04,238.7936606596406
927,36828.0,36828.0,2022-10-21,2022-10-25,4 days,22 days,0.027369,0.04,257.0841552114063
928,35398.0,35398.0,2022-10-21,2022-10-25,4 days,23 days,0.027369,0.04,327.1212965414692
929,36876.0,36876.0,2022-10-21,2022-10-25,4 days,22 days,0.027369,0.04,177.81422850691183
930,36984.0,36984.0,2022-10-21,2022-10-25,4 days,21 days,0.027369,0.04,348.8399780504077
931,35528.0,35528.0,2022-10-21,2022-10-25,4 days,18 days,0.027369,0.04,260.9296496384108
932,35430.0,35430.0,2022-10-21,2022-10-25,4 days,18 days,0.027369,0.04,139.42537057822608
933,36974.0,36974.0,2022-10-21,2022-10-25,4 days,18 days,0.027369,0.04,258.18125657455454
934,35495.0,35495.0,2022-10-21,2022-10-25,4 days,18 days,0.027369,0.04,349.3332935731653
935,37067.0,37067.0,2022-10-21,2022-10-25,4 days,15 days,0.027369,0.04,376.20773700242154
936,37084.0,37084.0,2022-11-05,2022-11-10,5 days,23 days,0.000874,0.03,349.3060127720706
937,35648.0,35648.0,2022-11-05,2022-11-10,5 days,17 days,0.000874,0.03,389.34230700351054
938,35629.0,35629.0,2022-11-05,2022-11-10,5 days,16 days,0.000874,0.03,324.48468531806884
939,35614.0,35614.0,2022-11-05,2022-11-10,5 days,16 days,0.000874,0.03,392.06482781413325
940,35538.0,35538.0,2022-11-05,2022-11-10,5 days,16 days,0.000874,0.03,219.28597550331236
941,35537.0,35537.0,2022-11-05,2022-11-10,5 days,16 days,0.000874,0.03,325.2643611767219
942,35558.0,35558.0,2022-11-05,2022-11-10,5 days,15 days,0.000874,0.03,294.1391815477954
943,35613.0,35613.0,2022-11-05,2022-11-10,5 days,11 days,0.000874,0.03,239.4278252669324
944,37251.0,37251.0,2022-11-05,2022-11-10,5 days,5 days,0.000874,0.03,264.52231753095737
945,37188.0,37188.0,2022-11-05,2022-11-10,5 days,5 days,0.000874,0.03,227.76050684198316
946,37192.0,37192.0,2022-11-30,2022-12-05,5 days,26 days,0.008292,0.11,228.74798546957197
947,37413.0,37413.0,2022-11-30,2022-12-05,5 days,23 days,0.008292,0.11,269.08799347638535
948,37415.0,37415.0,2022-11-30,2022-12-05,5 days,23 days,0.008292,0.11,254.28012659774024
949,37426.0,37426.0,2022-12-08,2022-12-12,4 days,29 days,1e-05,0.04,224.07108760229545
950,37328.0,37328.0,2022-12-08,2022-12-12,4 days,28 days,1e-05,0.04,192.93168583398926
951,37148.0,37148.0,2022-12-08,2022-12-12,4 days,27 days,1e-05,0.04,99.50431946840439
952,37233.0,37233.0,2022-12-08,2022-12-12,4 days,23 days,1e-05,0.04,440.84442755036355
953,37086.0,37086.0,2022-12-08,2022-12-12,4 days,24 days,1e-05,0.04,207.93980611759605
954,37167.0,37167.0,2022-12-08,2022-12-12,4 days,18 days,1e-05,0.04,235.59796545434372
955,37099.0,37099.0,2022-12-08,2022-12-12,4 days,14 days,1e-05,0.04,197.90867048946416
956,37608.0,37608.0,2022-12-08,2022-12-12,4 days,14 days,1e-05,0.04,271.27451653704384
957,37569.0,37569.0,2022-12-08,2022-12-12,4 days,14 days,1e-05,0.04,273.6933994648304
958,37315.0,37315.0,2022-12-08,2022-12-12,4 days,13 days,1e-05,0.04,436.44506524362777
959,37581.0,37581.0,2022-12-08,2022-12-12,4 days,10 days,1e-05,0.04,283.2967707919758
960,37555.0,37555.0,2022-12-08,2022-12-12,4 days,8 days,1e-05,0.04,200.6969123357346
961,37467.0,37467.0,2022-12-08,2022-12-12,4 days,8 days,1e-05,0.04,249.91681351000932
962,37615.0,37615.0,2022-12-08,2022-12-12,4 days,7 days,1e-05,0.04,278.0085119623843
963,37457.0,37457.0,2022-12-08,2022-12-12,4 days,7 days,1e-05,0.04,302.6204191653273
964,37553.0,37553.0,2022-12-08,2022-12-12,4 days,7 days,1e-05,0.04,282.74960604662584
965,37583.0,37583.0,2022-12-08,2022-12-12,4 days,6 days,1e-05,0.04,424.82962461590915
966,37500.0,37500.0,2022-12-08,2022-12-12,4 days,6 days,1e-05,0.04,276.16198705656063
967,37501.0,37501.0,2022-12-08,2022-12-12,4 days,6 days,1e-05,0.04,280.9457008413832
968,37446.0,37446.0,2023-01-04,2023-01-06,2 days,29 days,0.000864,0.12,354.1458349716755
969,37476.0,37476.0,2023-01-09,2023-01-13,4 days,14 days,0.000276,0.03,405.7442915399346
970,37668.0,37668.0,2023-01-09,2023-01-13,4 days,24 days,0.000276,0.03,194.91263182527774
971,37490.0,37490.0,2023-01-09,2023-01-13,4 days,16 days,0.000276,0.03,258.36359897498124
972,37640.0,37640.0,2023-01-09,2023-01-13,4 days,16 days,0.000276,0.03,301.38599060115337
973,37657.0,37657.0,2023-01-09,2023-01-13,4 days,16 days,0.000276,0.03,311.2850042309398
974,37495.0,37495.0,2023-01-09,2023-01-13,4 days,20 days,0.000276,0.03,240.51987165497556
975,37637.0,37637.0,2023-01-09,2023-01-13,4 days,20 days,0.000276,0.03,364.39109424049866
976,37638.0,37638.0,2023-01-09,2023-01-13,4 days,20 days,0.000276,0.03,386.62327826843085
977,37498.0,37498.0,2023-01-09,2023-01-13,4 days,18 days,0.000276,0.03,232.5723423536668
978,37642.0,37642.0,2023-01-09,2023-01-13,4 days,14 days,0.000276,0.03,263.0725924287663
979,37664.0,37664.0,2023-01-09,2023-01-13,4 days,14 days,0.000276,0.03,258.69430616234126
980,37475.0,37475.0,2023-01-09,2023-01-13,4 days,13 days,0.000276,0.03,177.76988738941657
981,37486.0,37486.0,2023-01-09,2023-01-13,4 days,13 days,0.000276,0.03,197.22108200806264
982,37499.0,37499.0,2023-01-09,2023-01-13,4 days,9 days,0.000276,0.03,204.2458961707236
983,37665.0,37665.0,2023-01-09,2023-01-13,4 days,11 days,0.000276,0.03,119.39994914265768
984,37521.0,37521.0,2023-01-09,2023-01-13,4 days,11 days,0.000276,0.03,197.90102945450616
